"class",1,2,3,4,5,6,7,8,9,10,11,12,13,14,15,16,17,18,19,20,21,22,23,24,25,26,27,28,29,30,31,32,33,34,35,36,37,38,39,40,41,42,43,44,45,46,47,48,49,50,51,52,53,54,55,56,57,58,59,60,61,62,63,64,65,66,67,68,69,70,71,72,73,74,75,76,77,78,79,80,81,82,83,84,85,86,87,88,89,90,91,92,93,94,95,96,97,98,99,100,101,102,103,104,105,106,107,108,109,110
1,-0.1889,-0.423,-0.5657,-0.6631,-0.7246,-0.7263,-0.7329,-0.7217,-0.68,-0.6563,-0.6543,-0.6619,-0.6715,-0.6714,-0.6613,-0.6354,-0.1637,-0.2156,-0.2856,-0.3611,-0.4338,-0.4923,-0.5404,-0.5767,-0.5973,-0.6091,-0.6182,-0.6269,-0.6358,-0.643,-0.6466,-0.6444,-0.0505,-0.4149,-0.5602,-0.604,-0.5816,-0.468,-0.3849,-0.2901,-0.1654,-0.0944,-0.0722,-0.07,-0.0714,-0.0569,-0.0293,0.0179,0.25,0.9613,0.9166,0.9389,1.0003,-0.6258,1.6475,-0.2961,1.3934,1.8985,5.7166,0.0985,-0.0862,2.1168,-1.8519,2.2889,0.8889,1.6423,16.667,1.8,0.9333,-0.0833,1.3139,-1.1111,0.0008,0.4706,0.9444,0.5,23.972,0.0001,0.0019,0.0001,0.0014,0.0001,0.0011,0.0001,0.0006,0.0004,0.0008,0,0,0,0.1546,1.1727,0.4609,0.6257,0.0583,16.774,0,1,0,0.5001,22.006,-0.0003,2.9268,0,50,50,50,0.1095,0,0
0,-1.3001,-1.2096,-1.1121,-1.0222,-0.9043,-0.7817,-0.6639,-0.5649,-0.4745,-0.4046,-0.3461,-0.313,-0.2883,-0.292,-0.282,-0.2542,-1.289,-1.2731,-1.2409,-1.1972,-1.1386,-1.0672,-0.9865,-0.9022,-0.8167,-0.7343,-0.6566,-0.5879,-0.528,-0.4808,-0.441,-0.4037,-0.0222,0.1271,0.2576,0.3498,0.4685,0.5711,0.6453,0.6747,0.6844,0.6593,0.6211,0.5498,0.4793,0.3775,0.318,0.2989,0.3226,0.9573,0.9,0.956,1.0014,1.4582,3.3116,-1.6212,4.2693,-0.0029,3.274,0.4299,-0.3704,1.2617,-1.087,1.1929,0.9286,6.5421,15.217,1.15,0.2071,-5.2857,0.9813,-12.065,0.0015,0.9677,0.8346,0.0156,39.378,0.001,0.0021,0.0001,0.0031,0.0001,-0.0006,0,0.0061,0.0041,0.0067,0.0001,0.0052,0.0001,0.5622,0.9254,0.138,0.1782,0.1208,4.4409,1,13.999,0.0566,0.9361,0,0.956,0,0.5791,50,50,50,3.972,0,0
1,-0.916,-0.8679,-0.8211,-0.8644,-1.0361,-1.1931,-1.328,-1.421,-1.4784,-1.5074,-1.8041,-2.0239,-2.0678,-1.9829,-1.743,-1.5264,-1.0225,-0.9916,-0.9575,-0.9389,-0.9583,-1.0053,-1.0698,-1.14,-1.2077,-1.2677,-1.3749,-1.5047,-1.6173,-1.6905,-1.701,-1.6661,0.213,0.2474,0.2728,0.1489,-0.1555,-0.3756,-0.5164,-0.5619,-0.5414,-0.4795,-0.8583,-1.0384,-0.9009,-0.5849,-0.0841,0.2793,0.8571,1.0096,0.9533,1.0096,1.0044,-0.6046,2.1683,0.6043,3.1968,0.4266,0.7793,0.4,-1.3077,3.4667,-11.333,1.4602,0.3982,7.5333,18.833,1.7168,0.8584,-0.1975,5.4,-2.6667,0.0019,0.5035,0.663,0.5,44.637,0.0002,0.0051,0.0003,0.003,0.0002,0.0012,0.0001,-0.0001,-0.0006,0.0019,0,0,0,0.6415,0.4374,-0.3641,-0.7563,0.0208,15,3,0.5466,0.5105,0.3215,0,1.0096,0,0.6913,50,50,50,0.9333,0,0
1,-0.1009,-0.1154,-0.1247,-0.1361,-0.1419,-0.1465,-0.2329,-0.2844,-0.3111,-0.323,-0.323,-0.2954,-0.2839,-0.2725,-0.2669,-0.2506,-0.1086,-0.11,-0.1129,-0.1175,-0.1224,-0.1272,-0.1484,-0.1756,-0.2027,-0.2267,-0.246,-0.2559,-0.2615,-0.2637,-0.2643,-0.2616,0.0154,-0.011,-0.0236,-0.0372,-0.039,-0.0385,-0.1691,-0.2177,-0.2169,-0.1924,-0.154,-0.079,-0.0449,-0.0177,-0.0051,0.0219,1,0.9865,0.9135,0.9788,1.0022,-0.4265,1.5677,0.0788,1.8802,0.1201,1.2523,0.7388,-63.75,0.0915,-7.8947,1.0082,0.4747,11.102,15.028,1.068,0.9567,-0.6364,0.7548,-0.6502,0.0009,1,0.6111,0.5,52.175,0,-0.004,-0.0002,-0.0005,0,-0.0014,-0.0001,0.0023,0.0019,0.0054,0.0001,0.0045,0.0003,0.6716,0.9234,0.1285,0.1615,0.0375,97.08,2,0.6682,1.4965,0.0289,0.5726,-0.0018,0.1539,0,50,50,50,0.4803,0,0
1,0.0837,0.0982,0.114,0.1212,0.1397,0.1495,0.145,0.1407,0.1429,0.1438,0.1444,0.1433,0.1447,0.1411,0.1397,0.1379,0.0225,0.0377,0.0529,0.0666,0.0812,0.0949,0.1049,0.1121,0.1182,0.1233,0.1276,0.1307,0.1335,0.135,0.136,0.1364,0.1223,0.1211,0.1222,0.1091,0.117,0.1092,0.0803,0.0573,0.0493,0.0409,0.0337,0.0252,0.0225,0.0121,0.0076,0.0031,0.6471,1.0163,0.9073,1.0127,1.0039,-1.5757,3.7766,0.3014,2.6778,-0.5508,1.0621,1.1436,-3,0.2723,-0.7143,1.0214,0.9358,12.723,11.126,1.2393,0.9416,-0.2439,3.0446,-0.6494,0.0051,0.9767,0.9673,0.0001,60.542,0.0003,0.0044,0.0002,0.003,0.0001,-0.0002,0,0.0019,0.0005,0.0056,0,0.001,0,1.5164,1.6079,-0.0096,-0.0061,0.3458,6.1176,0,1,0,0.002,0.2001,-0.0005,0.0065,1.5018,50,50,50,0.7426,0,0
1,-0.2664,-0.2633,-0.2578,-0.6471,-1.0109,-1.282,-1.4638,-1.462,-1.5173,-1.5457,-1.4985,-1.4444,-1.4287,-1.357,-1.3173,-1.2695,-0.265,-0.2647,-0.2633,-0.3401,-0.4742,-0.6358,-0.8014,-0.9335,-1.0502,-1.1493,-1.2192,-1.2642,-1.2971,-1.3091,-1.3107,-1.3025,-0.0028,0.0028,0.011,-0.614,-1.0733,-1.2924,-1.3249,-1.057,-0.934,-0.7927,-0.5586,-0.3604,-0.2631,-0.0958,-0.0131,0.0659,0.3077,0.9548,0.9206,0.9385,1.002,-0.0861,1.5674,0.273,4.4081,0.1847,1.1522,0.4211,-65.6,0.1316,-20.5,1.0276,-0.8122,4.7632,11.313,1.011,-0.5801,-143,0.0526,-17.875,0.0025,0.7751,0.0243,0.25,45.293,0,0.0014,0.0001,0.0006,0,-0.0005,0,-0.0005,-0.0005,0.0008,0,-0.0017,0,2.1083,0.4142,-0.6261,-1.1492,0.0458,2.0833,2,0.0951,3.0048,0.0358,0.025,0,0.1361,0.7976,50,50,50,5.5789,0,0
1,-0.1863,-0.3642,-0.4946,-0.592,-0.6448,-0.6269,-0.5619,-0.5205,-0.5101,-0.5073,-0.5264,-0.5609,-0.5593,-0.5572,-0.5404,-0.4836,-0.0388,-0.1039,-0.182,-0.264,-0.3402,-0.3975,-0.4304,-0.4484,-0.4608,-0.4701,-0.4813,-0.4973,-0.5097,-0.5192,-0.5234,-0.5154,-0.295,-0.5206,-0.6252,-0.656,-0.6092,-0.4588,-0.2631,-0.1442,-0.0987,-0.0745,-0.0902,-0.1274,-0.0992,-0.076,-0.034,0.0637,0.125,0.9705,0.9,0.9288,1.0038,1.3928,3.2017,-1.1791,3.0815,0.6423,2.2302,0.2252,-1.6607,0.4148,-3.0592,1.4294,0.2868,0.9659,4.2895,5.5859,1,0,4.4296,0,0.0111,1,1,0.0078,15.141,0.0048,0.0122,0.0002,0.0099,0.0002,0.0012,0,0.0074,0.002,0.0135,0.0002,0.0024,0.0001,0.2928,1.4051,0.5628,0.6827,0.0625,0.4756,1,0.625,0.0539,0.1997,0.8825,-0.9705,44.389,0.787,50,50,50,0,0,0
1,-0.7079,-0.6441,-0.5884,-0.5364,-0.4992,-0.4643,-0.4612,-0.4304,-0.4165,-0.3993,-0.4076,-0.4094,-0.4094,-0.4095,-0.3969,-0.3036,-0.4912,-0.5218,-0.5351,-0.5354,-0.5281,-0.5154,-0.5045,-0.4897,-0.4751,-0.4599,-0.4495,-0.4414,-0.435,-0.4299,-0.4233,-0.3994,-0.4334,-0.2447,-0.1066,-0.0022,0.0579,0.1021,0.0866,0.1186,0.1171,0.1212,0.0837,0.0641,0.0513,0.0409,0.0528,0.1916,0.9474,1.0002,0.95,0.9983,1.0023,0.4847,2.0069,0.256,1.449,-0.4293,1.9687,1.8926,-0.0178,34.227,-0.3226,1.8492,0.9848,40.305,21.29,1.6032,1,0,24.311,0,0.0032,0.9754,0.9075,0.0625,117.03,0.0003,0.0098,0.0003,0.0081,0.0003,0.0017,0.0001,0.0078,0.0069,0.0119,0.0002,0.0063,0.0001,0.6506,0.5616,0.052,0.0842,0.0708,11.484,1,3.4537,0.1022,0.195,0.1729,-0.0019,0.0873,0.9025,50,50,50,0,0,0
1,-0.1879,-0.1965,-0.1858,-0.1657,-0.1577,-0.1583,-0.161,-0.1605,-0.1567,-0.1503,-0.1412,-0.1253,-0.1074,-0.0874,-0.0755,-0.0653,-0.1211,-0.1361,-0.1461,-0.15,-0.1515,-0.1529,-0.1545,-0.1557,-0.1559,-0.1548,-0.1521,-0.1467,-0.1389,-0.1286,-0.118,-0.1074,-0.1337,-0.1206,-0.0794,-0.0314,-0.0122,-0.0109,-0.0131,-0.0096,-0.0016,0.0089,0.0217,0.0428,0.0629,0.0824,0.0849,0.0842,0.8,0.9825,0.9098,0.9758,1.0008,-0.4,5.8784,0.5246,1.6269,-0.5206,1.5766,2.3942,-0.003,4.8986,-0.0061,1.5216,0.9985,9.3913,3.9225,1.1914,0.8488,-0.7903,1.7971,-0.5932,0.0033,0.5463,0.4234,0.0313,36.019,0.0008,0.0031,0,0.0033,0,0.0018,0,0,-0.0031,0.0008,0,-0.0042,-0.0001,2.7621,1.1897,-0.8075,-0.4052,0.0792,14.568,1,1.2418,0.5315,0.1759,0.0801,0,0.0088,1.5772,50,50,50,1.2754,0,0
1,-0.4325,-0.4297,-0.4147,-0.3887,-0.3551,-0.3494,-0.3434,-0.3396,-0.3494,-0.3572,-0.3512,-0.3457,-0.3375,-0.3168,-0.297,-0.2501,-0.2392,-0.2773,-0.3048,-0.3216,-0.3283,-0.3325,-0.3347,-0.3357,-0.3384,-0.3422,-0.344,-0.3443,-0.343,-0.3377,-0.3296,-0.3137,-0.3864,-0.3048,-0.2198,-0.1342,-0.0536,-0.0338,-0.0174,-0.0078,-0.022,-0.03,-0.0144,-0.0028,0.011,0.0419,0.0652,0.1271,0.8947,0.9802,0.9032,0.9584,1.0011,0.887,2.1999,1.1839,5.4751,1.725,5.0292,0.935,-0.7863,1.4625,-1.2299,1.8182,0.3566,1.7875,1.9118,1.8671,0.972,-0.0323,1.55,-0.0535,0.0016,0.8112,0.9688,0.0313,12.005,-0.0001,0.0008,0,0.0003,0,0.0011,0.0001,-0.0008,-0.0007,0,0,-0.0016,0,0.7546,1.042,0.157,0.1784,0.0708,3.8906,0,1,0,0.0863,2.5041,-0.0016,0.035,1.6006,50,50,50,0.05,0,0
1,-0.4686,-0.4329,-0.4,-0.3481,-0.2876,-0.2369,-0.1912,-0.1525,-0.1149,-0.1056,-0.1131,-0.1176,-0.1039,-0.0872,-0.0635,-0.0339,-0.4734,-0.4653,-0.4522,-0.4314,-0.4027,-0.3695,-0.3338,-0.2976,-0.261,-0.2299,-0.2066,-0.1888,-0.1718,-0.1549,-0.1366,-0.1161,0.0097,0.0649,0.1045,0.1666,0.2301,0.2653,0.2852,0.2901,0.2924,0.2487,0.187,0.1423,0.1358,0.1354,0.1461,0.1643,0.7333,0.9807,0.9036,0.9728,0.9986,1.0079,2.5232,-0.7407,2.9441,0.4118,1.6762,0.4084,-9.2,0.0977,-2.1999,1.0218,0.7991,4.4727,10.952,1.0611,0.8908,-1.7857,0.2734,-1.1956,0.0013,1,0.5385,0.0078,45.302,0.0001,0.0015,0,0.0014,0,0.0003,0,0.003,0.002,0.0018,0,0.0005,0,4.7594,3.0889,0.86,0.25,0.1208,41.231,2,1.0769,0.6192,0.0612,0,0.9728,0,1.6046,50,50,50,0.1953,0,0
1,-0.0076,-0.0107,-0.0114,-0.0103,-0.006,0.0005,0.0073,0.0109,0.0152,0.0168,0.0178,0.0192,0.0193,0.0192,0.0189,0.0208,0.0014,-0.001,-0.0031,-0.0045,-0.0048,-0.0038,-0.0016,0.0009,0.0038,0.0064,0.0087,0.0108,0.0125,0.0138,0.0148,0.016,-0.0181,-0.0194,-0.0167,-0.0114,-0.0024,0.0086,0.0177,0.0199,0.0228,0.0208,0.0183,0.0169,0.0137,0.0107,0.0081,0.0095,1,0.9944,0.9191,0.9747,1.0006,0.4623,1.5556,-0.5218,2.2082,-0.1464,2.4392,1.0626,-0.0143,2.1499,-0.0289,1.4573,0.9935,4.7011,4.4239,1.3179,0.9194,-0.2534,1.4947,-0.3565,0.0007,0.9978,0.7716,0.0313,49.557,0.0002,0.0001,0,0.0007,0,0.0005,0,0.0007,0.0001,0.0007,0,0,0,1.1211,1.2423,0.0455,0.0386,0.3792,9.9658,1,2.1637,0.4622,0.1747,0.4327,-0.0007,0.0592,1.9426,50,50,50,0.3788,0,0
1,-0.0284,-0.0193,-0.0031,0.0016,0.0212,0.042,0.0553,0.0668,0.075,0.0797,0.0826,0.0854,0.0891,0.0973,0.1027,0.1073,-0.0151,-0.0159,-0.0134,-0.0104,-0.004,0.0052,0.0152,0.0255,0.0354,0.0443,0.0519,0.0586,0.0647,0.0713,0.0775,0.0835,-0.0266,-0.0067,0.0205,0.024,0.0506,0.0736,0.0803,0.0825,0.0791,0.0709,0.0613,0.0536,0.0488,0.0522,0.0503,0.0476,0.9897,0.9746,0.8998,0.9666,1.0002,-0.963,2.4412,0.4342,1.3267,0.365,1.5567,0.2553,-0.8539,3.156,-10.556,1.8812,0.2475,3.5816,14.028,1.4257,0.7327,-0.6279,1.5248,-3.75,0.0012,1,0.3,0.0625,15.302,0.0002,0.001,0,0.0009,0,-0.0002,0,0.0006,0.0001,0.0012,0,0.0004,0,1.1262,1.26,0.174,0.1414,0.3958,9.8,1,0.5,0.6668,0.0495,0,0.9666,0,0.1231,50,50,50,0.6383,0,0
0,-0.0234,-0.0203,-0.012,-0.003,0.0073,0.0177,0.0272,0.0367,0.0382,0.0373,0.0378,0.0402,0.0423,0.0475,0.0543,0.0661,-0.0271,-0.0257,-0.023,-0.019,-0.0137,-0.0074,-0.0005,0.0069,0.0132,0.018,0.022,0.0256,0.029,0.0327,0.037,0.0428,0.0073,0.0109,0.0219,0.032,0.0421,0.0502,0.0554,0.0596,0.05,0.0386,0.0317,0.0291,0.0268,0.0297,0.0346,0.0466,0.6438,1.025,0.9152,0.9616,1.0008,0.9049,2.5666,-0.167,1.7477,0.2409,2.1187,0.9146,-1.3333,0.4272,-0.6228,1.0401,0.9466,10.665,11.661,1.1884,0.8398,-0.8504,2.0095,-1.8685,0.0018,0.7033,0.63,0.001,45.117,0.0004,0.0003,0,0.003,0.0001,0.0004,0,0.0073,0.0058,0.0071,0.0001,0.0071,0.0001,0.6244,0.7354,0.0681,0.1004,0.9083,15,1,1.6772,0.5868,0.2799,1.6231,-0.0009,0.8376,0.9572,50,50,50,1.3133,0,0
1,0.125,0.1114,0.0986,0.1002,0.09,0.0801,0.0707,0.0625,0.0554,0.0492,0.0437,0.1148,0.1779,0.2062,0.2228,0.2548,0.1867,0.1716,0.157,0.1457,0.1345,0.1236,0.1131,0.1029,0.0934,0.0846,0.0764,0.0841,0.1029,0.1235,0.1434,0.1657,-0.1234,-0.1206,-0.1169,-0.0909,-0.0891,-0.087,-0.0847,-0.0809,-0.0761,-0.0708,-0.0653,0.0614,0.1501,0.1653,0.1588,0.1783,0.8333,1.0187,0.9992,1.0187,1.0009,-0.6422,1.5432,-0.3451,4.3732,0.3863,1.5152,0.4853,-0.2632,0.6985,-0.3788,1.1159,0.9695,6.0294,12.424,1.4695,0.9207,-0.1688,2.8309,-0.9848,0.0036,0.9833,0.8556,0.5,34.773,0.0002,0.0039,0.0001,0.0022,0,0.0008,0,0.0011,0.0005,0.0037,0,0.0002,0,0.8834,3.4057,0.912,0.5182,0.0208,8.8889,0,1,0,0.0061,0.2003,-0.0015,0.02,0.9638,50,50,50,0.4412,0,0
1,0.0674,0.0579,0.057,0.0596,0.0674,0.0671,0.0542,0.0442,0.0431,0.0362,0.0287,0.0305,0.0348,0.0297,0.0518,0.0852,0.0512,0.0526,0.0534,0.0547,0.0572,0.0592,0.0582,0.0554,0.053,0.0496,0.0454,0.0424,0.0409,0.0387,0.0413,0.0501,0.0323,0.0107,0.0071,0.0099,0.0204,0.0159,-0.008,-0.0223,-0.0197,-0.0269,-0.0334,-0.0239,-0.0123,-0.0179,0.021,0.0703,0.9064,1.0309,0.9751,1.018,1.0016,0.007,1.4149,-0.5072,2.4251,-0.0064,0.604,0.4343,-0.3588,7.4747,-6.1744,2.2231,0.5612,6.1111,14.07,1.4463,0.876,-0.2778,2.7273,-1.7442,0.0026,1,0.8986,0.0625,25.656,0.0006,0.0007,0,0.0009,0,0.0004,0,0.0042,0.0024,0.006,0.0001,0.005,0.0001,0.8119,1.0889,0.1255,0.1272,0.8375,13.739,1,3.3339,0.0968,0.2155,1.8336,-0.0002,0.6871,0.1885,43.355,44.219,41.626,0.7071,-2.5931,-1.7287
0,0.042,0.0382,0.0276,0.0142,0.002,-0.0117,-0.0206,-0.0242,-0.0267,-0.0284,-0.0294,0.0292,0.07,0.0852,0.0962,0.1036,0.071,0.0644,0.0571,0.0485,0.0392,0.029,0.0191,0.0104,0.003,-0.0033,-0.0085,-0.0009,0.0133,0.0277,0.0414,0.0538,-0.058,-0.0525,-0.0589,-0.0686,-0.0745,-0.0813,-0.0794,-0.0692,-0.0594,-0.0502,-0.0417,0.0603,0.1135,0.1151,0.1096,0.0997,0.7143,1.0283,1.0011,1.0253,1.0026,0.6913,1.9271,-0.2963,6.1787,0.0807,0.4954,0.6601,-0.5854,1.0099,-0.8955,1.203,0.8812,4.9754,7.5373,1.396,1,0,1.9704,0,0.0057,1,1,0.5,18.628,0.0009,0.0002,0,0.001,0,0.0013,0,0.0068,0.0035,0.0069,0.0001,0.0011,0,0.5001,1.0421,0.308,0.4235,0.0208,13.95,0,1,0,0.0149,0.5633,-1.0276,15.988,0.5365,50,50,50,0,0,0
0,0.0431,0.0457,0.0344,0.0244,0.0163,0.009,0.0031,-0.0007,-0.0037,-0.006,-0.0085,-0.0136,-0.0134,-0.0068,0.0089,0.0243,0.0387,0.0401,0.0389,0.036,0.0321,0.0275,0.0226,0.0179,0.0136,0.0097,0.006,0.0021,-0.001,-0.0022,0,0.0049,0.0088,0.0112,-0.0091,-0.0233,-0.0316,-0.037,-0.039,-0.0373,-0.0346,-0.0314,-0.0291,-0.0314,-0.0249,-0.0092,0.0177,0.0387,0.8844,1.0398,0.9939,1.0214,0.9968,-1.1381,6.1368,-0.5312,2.4228,-0.8138,2.4478,0.3727,-0.2013,5.7842,-3.125,1.8456,0.8297,6.8401,18.354,1.6527,1,0,4.4643,0,0.0027,1,1,0.0625,16.249,0.0006,0.002,0,-0.0014,0,0.0009,0,0.0041,0.0026,0.005,0,0.0042,0,0.2796,0.4305,-0.0974,-0.2596,0.8458,3.5061,0,1,0,0.1479,0.7177,-1.0287,185.38,0.7838,32.826,38.206,22.066,0,-16.14,-10.76
1,0.0039,-0.005,-0.0214,-0.0221,-0.0287,-0.028,-0.0232,-0.0191,-0.0157,-0.016,-0.0177,-0.0164,-0.0153,-0.0181,-0.0162,0.0062,0.0248,0.0189,0.0108,0.0042,-0.0024,-0.0075,-0.0106,-0.0123,-0.013,-0.0136,-0.0144,-0.0148,-0.0149,-0.0156,-0.0157,-0.0113,-0.0419,-0.0476,-0.0644,-0.0526,-0.0527,-0.0411,-0.0251,-0.0136,-0.0054,-0.0049,-0.0066,-0.0032,-0.0007,-0.0052,-0.001,0.0351,0.9868,1.0398,0.9939,1.0299,1.0043,0.4755,1.5801,0.0763,1.0486,-0.2544,1.3198,0.5803,-1.9034,0.3297,-1.0813,1.0654,0.8754,5.0378,8.6806,1.052,0.7406,-4.9892,0.262,-2.2521,0.01,0.9119,0.8721,0.5,46.108,0.0008,0.004,0.0001,0.0089,0.0002,-0.0002,0,0.009,0.0054,0.0103,0.0001,0.0004,0,2.356,0.8632,-0.3516,-0.3122,0.9625,21.471,1,9.5549,0.0979,0.2303,0,1.0299,0,1.9114,33.752,38.515,24.227,1.2566,-14.288,-9.5253
1,0.0609,0.0582,0.057,0.0522,0.051,0.0519,0.0521,0.0516,0.0506,0.0851,0.0793,0.0986,0.1118,0.1113,0.12,0.1262,0.0731,0.0701,0.0675,0.0644,0.0618,0.0598,0.0582,0.0569,0.0556,0.0615,0.0651,0.0718,0.0798,0.0861,0.0929,0.0995,-0.0243,-0.0238,-0.021,-0.0245,-0.0214,-0.0157,-0.0124,-0.0107,-0.0101,0.0472,0.0285,0.0536,0.064,0.0503,0.0542,0.0533,1,1.0257,1.0009,1.0239,0.9999,0.4043,3.8121,2.1405,10.47,-0.1596,0.895,3.4979,-1.1161,6.9479,-2.2163,1.2073,0.7687,33.522,9.5812,1.2961,0.9334,-0.225,9.9256,-0.6383,0.0037,1,0.2621,0.5,29.107,-0.0003,-0.0005,0,-0.0065,-0.0001,0.0005,0,0.0059,0.007,0.0087,0.0001,0.0051,0.0002,0.9653,0.4074,-0.2167,-0.2921,0.0292,15.746,0,1,0,0.0741,0.3555,-0.0018,0.4266,0.5876,50,50,50,1.6129,0,0
1,0.0417,0.0404,0.0398,0.0372,0.0363,0.0361,0.0354,0.0337,0.0376,0.0402,0.041,0.0372,0.0321,0.0278,0.0257,0.035,0.046,0.0449,0.0439,0.0425,0.0413,0.0403,0.0393,0.0382,0.0381,0.0385,0.039,0.0386,0.0373,0.0354,0.0335,0.0338,-0.0086,-0.0089,-0.0082,-0.0107,-0.0099,-0.0084,-0.0077,-0.0089,-0.0009,0.0034,0.004,-0.0029,-0.0104,-0.0152,-0.0155,0.0024,0.9722,1.0367,1.0009,1.0363,1.0009,-0.6771,2.1667,1.1416,3.6809,0.3764,1.0086,0.2552,-0.1986,5.1582,-4.0141,2.8073,0.6411,2.8541,11.183,1.3904,0.9496,-0.129,1.1143,-0.5634,0.0032,1,0.7681,0.0078,17.107,0.0006,0.0028,0.0001,0.0007,0,0.0007,0,0.0039,0.0018,0.0087,0,0.0055,0,0.9151,2.8121,1.0496,0.5315,0.7542,11.362,1,1.6285,0.3016,0.1904,1.5032,-0.0009,0.3866,0.7421,62.764,54.854,78.584,0.1438,23.73,15.82
1,0.0417,0.0404,0.0398,0.0372,0.0363,0.0361,0.0354,0.0337,0.0376,0.0402,0.041,0.0372,0.0321,0.0278,0.0257,0.035,0.046,0.0449,0.0439,0.0425,0.0413,0.0403,0.0393,0.0382,0.0381,0.0385,0.039,0.0386,0.0373,0.0354,0.0335,0.0338,-0.0086,-0.0089,-0.0082,-0.0107,-0.0099,-0.0084,-0.0077,-0.0089,-0.0009,0.0034,0.004,-0.0029,-0.0104,-0.0152,-0.0155,0.0024,1,1.0376,1.0009,1.0376,1.0012,0.0613,2.6328,1.3987,4.5915,0.2183,0.6656,1.2449,-0.1986,9.8153,-1.5659,2.5447,0.6932,6.3543,5.1044,1.2691,0.9569,-0.16,1.71,-0.2198,0.0046,1,0.7091,0.002,20.015,0.0007,0.002,0.0001,-0.0001,0,0.0003,0,0.0048,0.002,0.0101,0,0.0064,0,1.88,0.825,-0.4254,-0.3546,0.7542,18.327,0,1,0,0.027,2.3181,-0.0023,0.5268,0.7541,63.113,54.97,79.4,0.2736,24.43,16.286
1,0.1542,0.1525,0.1494,0.1453,0.1396,0.1328,0.1123,0.0918,0.0835,0.0912,0.105,0.1273,0.1306,0.1253,0.1245,0.1281,0.1623,0.1603,0.1581,0.1556,0.1524,0.1485,0.1412,0.1314,0.1218,0.1157,0.1135,0.1163,0.1192,0.1204,0.1212,0.1226,-0.016,-0.0156,-0.0174,-0.0205,-0.0255,-0.0314,-0.0578,-0.079,-0.0765,-0.0489,-0.0171,0.0221,0.0229,0.0099,0.0066,0.011,1,1.0168,0.9867,1.0128,1.0014,-0.5848,2.5338,-0.3552,1.5772,0.3913,1.8286,0.3054,-1.1061,1.4523,-5.2599,1.3368,0.6274,4.3115,14.117,1.0043,0.3978,-139,0.0187,-8.5015,0.002,0.6878,0.0071,0.5,102.94,0.0002,0.0032,0.0001,0.0027,0.0001,0.0002,0,0.0012,0.0007,0.0035,0.0001,0.0015,0.0001,0.4332,1.7858,0.6636,0.6438,0.05,16.782,0,1,0,0.0049,0.0099,-0.0005,0.0235,1.7231,50,50,50,1.3029,0,0
1,-0.0138,-0.0069,-0.0022,-0.0033,-0.0025,0.0005,0.0085,0.0186,0.0224,0.021,0.0158,0.0131,0.0132,0.0195,0.0298,0.0488,-0.0168,-0.0148,-0.0123,-0.0105,-0.0089,-0.007,-0.0039,0.0006,0.005,0.0082,0.0097,0.0104,0.0109,0.0126,0.0161,0.0226,0.0061,0.0159,0.0203,0.0145,0.0128,0.0151,0.0248,0.0361,0.0348,0.0257,0.0122,0.0054,0.0045,0.0137,0.0275,0.0523,0.9114,1.0617,0.9867,1.0617,1.0012,-0.6409,2.9112,-0.7746,2.3407,-0.27,1.3992,0.8435,-0.6264,2.1371,-1.5871,1.3005,0.8118,7.1129,8.4329,2.1429,0.8435,-0.1369,8.129,-1.3194,0.002,0.871,0.8314,0.0625,98.339,0.0003,0.0023,0.0002,0.0016,0.0001,0.0001,0,0.0044,0.0038,0.0064,0.0001,0.0049,0.0001,0.3857,0.7535,0.2898,0.5528,0.65,27.564,2,0.3639,0.052,0.0217,0.1862,-0.0005,0.0373,1.7042,72.868,59.69,99.225,1.1129,39.535,26.357
1,-0.0138,-0.0069,-0.0022,-0.0033,-0.0025,0.0005,0.0085,0.0186,0.0224,0.021,0.0158,0.0131,0.0132,0.0195,0.0298,0.0488,-0.0168,-0.0148,-0.0123,-0.0105,-0.0089,-0.007,-0.0039,0.0006,0.005,0.0082,0.0097,0.0104,0.0109,0.0126,0.0161,0.0226,0.0061,0.0159,0.0203,0.0145,0.0128,0.0151,0.0248,0.0361,0.0348,0.0257,0.0122,0.0054,0.0045,0.0137,0.0275,0.0523,0.9304,1.0622,0.9867,1.0617,1.0011,-0.5939,2.8908,-1.0062,2.6797,-0.2857,1.4046,0.7324,-0.6264,1.9371,-1.6569,1.194,0.8785,9.9854,13.634,1.3836,0.8089,-0.4981,3.8304,-2.6051,0.002,0.8678,0.7244,0.0313,152.3,0.0002,0.0019,0.0001,0.0017,0.0001,0.0001,0,0.0047,0.004,0.0064,0.0001,0.0054,0.0001,0.7263,0.8294,0.032,0.0409,0.65,40.341,2,1.4891,0.2155,0.2309,1.4339,-0.0005,0.8001,1.5683,72.779,59.66,99.016,1.0088,39.356,26.237
1,-0.0138,-0.0069,-0.0022,-0.0033,-0.0025,0.0005,0.0085,0.0186,0.0224,0.021,0.0158,0.0131,0.0132,0.0195,0.0298,0.0488,-0.0168,-0.0148,-0.0123,-0.0105,-0.0089,-0.007,-0.0039,0.0006,0.005,0.0082,0.0097,0.0104,0.0109,0.0126,0.0161,0.0226,0.0061,0.0159,0.0203,0.0145,0.0128,0.0151,0.0248,0.0361,0.0348,0.0257,0.0122,0.0054,0.0045,0.0137,0.0275,0.0523,0.943,1.0631,0.9867,1.0631,1.0024,0.5929,3.8902,-1.0284,3.0427,-0.1021,1.9037,0.8429,-0.6264,1.5533,-1.1545,1.1576,0.9013,9.8593,11.698,1.129,0.805,-1.5115,1.272,-2.2811,0.0035,0.8512,0.7174,0.0156,187.54,0.0003,0.0021,0.0001,0.0021,0.0001,0.0001,0,0.0052,0.0041,0.0079,0.0001,0.0054,0.0001,1.7072,1.1411,-0.1652,-0.1228,0.65,51.083,2,2.8111,0.0665,0.06,1.9639,-0.001,0.1997,1.6724,72.868,59.69,99.225,0.8089,39.535,26.357
1,-0.0138,-0.0069,-0.0022,-0.0033,-0.0025,0.0005,0.0085,0.0186,0.0224,0.021,0.0158,0.0131,0.0132,0.0195,0.0298,0.0488,-0.0168,-0.0148,-0.0123,-0.0105,-0.0089,-0.007,-0.0039,0.0006,0.005,0.0082,0.0097,0.0104,0.0109,0.0126,0.0161,0.0226,0.0061,0.0159,0.0203,0.0145,0.0128,0.0151,0.0248,0.0361,0.0348,0.0257,0.0122,0.0054,0.0045,0.0137,0.0275,0.0523,0.9557,1.0631,0.9867,1.0631,1.0024,0.6578,4.1551,-1.258,3.7855,-0.2076,2.0484,0.7874,-0.6264,1.4904,-1.1858,1.1402,0.9122,10.63,13.501,1.054,0.8265,-3.2157,0.5737,-2.343,0.0035,0.8522,0.7209,0.0039,210.73,0.0003,0.0009,0.0001,0.0011,0.0001,0.0001,0,0.0059,0.0041,0.0079,0.0001,0.0054,0.0001,1.3396,1.6791,0.1723,0.1141,0.65,43.163,2,3.2702,0.1451,0.0919,2.7808,-0.001,0.4895,1.5795,72.779,59.66,99.016,0.7762,39.356,26.237
1,0.0134,0.0071,-0.0082,-0.0289,-0.0305,-0.0305,-0.027,-0.0272,-0.035,-0.0438,-0.0399,-0.0261,-0.0037,0.0202,0.0308,0.0363,0.0198,0.0172,0.0121,0.0039,-0.003,-0.0085,-0.0122,-0.0152,-0.0191,-0.0241,-0.0272,-0.027,-0.0224,-0.0138,-0.0049,0.0033,-0.0128,-0.0202,-0.0407,-0.0657,-0.055,-0.0441,-0.0297,-0.024,-0.0316,-0.0395,-0.0254,0.0019,0.0373,0.0681,0.0714,0.0659,0.875,1.0705,0.9867,1.0612,0.9977,-2.9297,10.882,-0.7116,2.125,-0.3499,1.0672,0.176,-0.0856,3.3333,-1.6199,1.3197,0.9726,10.425,59.216,1.1228,0.3469,-5.3188,1.2801,-38.675,0.0005,0.8424,0.7339,0.0313,183.41,-0.0001,-0.002,0,0.0012,0,-0.0002,0,0.0011,0.0013,-0.0005,0,-0.0005,0,0.2506,2.0305,0.8651,0.88,0.8625,36.018,2,2.0664,0.2902,0.3754,2.0903,-0.0025,7.8227,0.4725,78.427,65.288,104.71,3.0735,39.417,26.278
0,-0.0032,-0.0016,-0.0004,-0.0002,0,-0.0071,-0.0094,-0.0118,-0.0128,-0.0135,-0.0138,-0.0059,-0.0005,0.0085,0.0195,0.0295,-0.0083,-0.0069,-0.0056,-0.0045,-0.0036,-0.0043,-0.0053,-0.0066,-0.0079,-0.009,-0.0099,-0.0091,-0.0074,-0.0042,0.0005,0.0063,0.0101,0.0106,0.0105,0.0087,0.0072,-0.0055,-0.008,-0.0104,-0.0099,-0.0089,-0.0077,0.0064,0.0138,0.0255,0.038,0.0464,0.9291,1.028,0.987,1.022,1.0007,-0.0918,4.1108,-0.6234,2.2771,-1.4032,4.1581,1.6111,-0.0588,4.7222,-0.1724,1.4696,0.9724,10.056,6.2414,2.2928,0.4475,-0.4274,13,-3.4483,0.0025,1,0.5329,0.0625,23.179,0.0004,0.0028,0,0.0037,0,0.0006,0,0.0009,0.0003,0.0025,0,0,0,0.8169,0.7508,0.0092,0.0117,0.5833,2.3952,1,0.4504,0.5619,0.2801,0.1602,-0.001,0.1663,0.8196,62.441,54.643,78.037,5.5556,23.393,15.596
0,0.0113,0.0098,0.0086,0.0099,0.0084,0.0095,0.0087,0.0104,0.0108,0.0126,0.013,0.0132,0.0108,0.0088,0.0104,0.0114,0.0124,0.0119,0.0113,0.011,0.0105,0.0103,0.01,0.0101,0.0102,0.0107,0.0111,0.0116,0.0114,0.0109,0.0108,0.0109,-0.0024,-0.0042,-0.0054,-0.0022,-0.0041,-0.0015,-0.0025,0.0007,0.0012,0.0038,0.0037,0.0033,-0.0012,-0.0041,-0.0008,0.001,0.9808,1.028,0.987,1.0245,1.0001,-0.1779,1.5703,1.3947,3.951,0.5049,0.9875,0.9648,-0.3636,0.4839,-0.1824,1.1755,0.9362,2.7566,2.8571,1.9521,1,0,2.6246,0,0.001,1,0.9888,0.002,24.075,0.0004,0.0002,0,0.0002,0,0,0,0.0016,0.0008,0.0015,0,0.0005,0,0.6529,0.6648,0.0035,0.0053,0.8583,5.8324,1,88.586,0.0113,0.9422,60.059,-0.001,0.6218,2.7462,71.165,60.103,93.288,0,33.185,22.123
0,0.0098,0.0086,0.0099,0.0084,0.0095,0.0087,0.0104,0.0108,0.0126,0.013,0.0132,0.0108,0.0088,0.0104,0.0114,0.0146,0.0119,0.0113,0.011,0.0105,0.0103,0.01,0.0101,0.0102,0.0107,0.0111,0.0116,0.0114,0.0109,0.0108,0.0109,0.0116,-0.0042,-0.0054,-0.0022,-0.0041,-0.0015,-0.0025,0.0007,0.0012,0.0038,0.0037,0.0033,-0.0012,-0.0041,-0.0008,0.001,0.0058,0.9327,1.028,0.987,1.0245,1.0001,-0.3136,1.7272,1.3683,3.8707,0.5164,0.9985,0.8129,-0.3636,0.4825,-0.2158,1.0988,0.9641,4.883,6.0072,1.2575,1,0,1.2573,0,0.001,0.9937,1,0.0002,42.772,0.0001,0.0001,0,0,0,0,0,0.0016,0.0012,0.0015,0,0.0005,0,0.7702,1.0059,0.1214,0.1373,0.8583,8.1882,0,1,0,0.3471,1.3373,-1.0245,65.333,1.6531,71.054,60.066,93.03,0,32.963,21.976
0,0.0084,0.0095,0.0087,0.0104,0.0108,0.0126,0.013,0.0132,0.0108,0.0088,0.0104,0.0114,0.0146,0.0168,0.0224,0.0289,0.0105,0.0103,0.01,0.0101,0.0102,0.0107,0.0111,0.0116,0.0114,0.0109,0.0108,0.0109,0.0116,0.0127,0.0146,0.0175,-0.0041,-0.0015,-0.0025,0.0007,0.0012,0.0038,0.0037,0.0033,-0.0012,-0.0041,-0.0008,0.001,0.0058,0.0083,0.0155,0.0228,0.9621,1.0295,0.987,1.0295,1,0.3442,1.4529,-1.0559,2.4891,0.2813,2.9329,0.3269,-0.7317,0.4946,-1.107,1.3677,0.7309,1.345,4.1144,1.5919,1,0,0.7961,0,0.0005,0.7436,0.9848,0.5,28.557,0,0,0,0.0001,0,0,0,0.001,0.0009,0.001,0,0.0005,0,0.6826,1.1611,0.217,0.2192,0.875,10.546,1,65.032,0.0154,0.5702,62.53,-0.0005,0.8446,1.723,72.272,60.473,95.872,0,35.4,23.6
0,0.0084,0.0095,0.0087,0.0104,0.0108,0.0126,0.013,0.0132,0.0108,0.0088,0.0104,0.0114,0.0146,0.0168,0.0224,0.0289,0.0105,0.0103,0.01,0.0101,0.0102,0.0107,0.0111,0.0116,0.0114,0.0109,0.0108,0.0109,0.0116,0.0127,0.0146,0.0175,-0.0041,-0.0015,-0.0025,0.0007,0.0012,0.0038,0.0037,0.0033,-0.0012,-0.0041,-0.0008,0.001,0.0058,0.0083,0.0155,0.0228,0.9953,1.03,0.987,1.03,1.0003,-0.625,1.7789,-1.4256,4.3447,0.7103,2.8529,0.1626,-0.7317,0.4039,-1.8182,1.277,0.7973,1.4581,8.9697,1.6689,1,0,0.9754,0,0.001,0.9913,0.9495,0.125,37.906,0,0.001,0.0001,0.0002,0,-0.0002,0,0.001,0.0009,0.0015,0,0.0005,0,0.6094,1.0608,0.1337,0.1391,0.875,9.3737,1,1.2506,0.0426,0.0439,7.9041,-0.001,1.1116,0.6994,72.383,60.51,96.131,0,35.621,23.748
1,0.0704,0.0653,0.0606,0.0546,0.0668,0.0916,0.1411,0.1862,0.2131,0.2309,0.2478,0.2686,0.3018,0.3212,0.3359,0.3675,0.1202,0.1092,0.0995,0.0905,0.0858,0.087,0.0978,0.1155,0.135,0.1542,0.1729,0.1921,0.214,0.2354,0.2555,0.2779,-0.0996,-0.0878,-0.0778,-0.0718,-0.0379,0.0093,0.0866,0.1415,0.1562,0.1535,0.1498,0.1531,0.1756,0.1714,0.1607,0.1791,0.9456,1.0335,0.9761,1.0335,1.0049,-1.1591,4.867,-0.9338,2.1164,-0.1862,1.7738,0.1789,-0.2424,1.7368,-2.3529,1.2157,0.9477,8.0526,45,1.3529,0.5817,-1.1852,2.8421,-18.823,0.0075,1,0.7436,0.5,27.428,0.0017,0.0063,0.0003,0.005,0.0002,0.0003,0,0.0061,0.0021,0.01,0.0001,0.0025,0,0.5183,1.6749,0.6039,0.4831,0.6042,17.89,1,28.097,0.0127,0.1846,1.9167,-0.0027,2.3366,0.1241,64.497,54.356,84.779,1.5263,30.423,20.282
1,0.2131,0.2309,0.2478,0.2686,0.3018,0.3212,0.3359,0.3675,0.4718,0.5642,0.5966,0.6231,0.6456,0.6599,0.6563,0.6501,0.135,0.1542,0.1729,0.1921,0.214,0.2354,0.2555,0.2779,0.3167,0.3662,0.4123,0.4544,0.4927,0.5261,0.5522,0.5717,0.1562,0.1535,0.1498,0.1531,0.1756,0.1714,0.1607,0.1791,0.3103,0.3959,0.3686,0.3374,0.3059,0.2675,0.2084,0.1567,0.9484,1.0415,0.9761,1.0384,1.0011,-0.2241,1.8096,-1.4999,7.197,0.4422,2.3999,0.3586,-0.8125,1.1034,-2.5,1.1778,0.8556,6.2069,17.308,1.3333,0.7444,-0.7667,2.069,-4.4231,0.0012,0.7273,0.6604,0.25,32.268,-0.0002,0.0012,0.0001,0.0013,0.0001,-0.0002,0,0,0.0004,0.0012,0,0.0012,0.0001,0.5721,0.9188,0.1051,0.1327,0.6375,9.9429,0,1,0,0.1804,4.0041,-0.0009,0.9997,0,64.207,54.26,84.102,1.2069,29.843,19.895
1,0.2478,0.2686,0.3018,0.3212,0.3359,0.3675,0.4718,0.5642,0.5966,0.6231,0.6456,0.6599,0.6563,0.6501,0.6433,0.6491,0.1729,0.1921,0.214,0.2354,0.2555,0.2779,0.3167,0.3662,0.4123,0.4544,0.4927,0.5261,0.5522,0.5717,0.5861,0.5987,0.1498,0.1531,0.1756,0.1714,0.1607,0.1791,0.3103,0.3959,0.3686,0.3374,0.3059,0.2675,0.2084,0.1567,0.1146,0.1008,0.8782,1.0468,0.9761,1.0468,1.0028,-1.2172,3.4794,0.9358,2.5259,0.2512,0.6257,0.3022,-0.1043,12.419,-4.2857,1.8267,0.9137,15.022,49.679,1.5799,0.4536,-0.9421,8.7117,-27.143,0.0071,1,0.9234,0.25,24.936,0.0015,0.0039,0.0001,0.0035,0.0001,0.0009,0,0.0053,0.0025,0.0084,0.0001,0.0041,0.0002,0.5474,0.9705,0.139,0.169,0.6458,17.092,0,1,0,0.0265,1.503,-0.0021,0.428,0.0965,65.238,54.603,86.508,8.2073,31.905,21.27
1,0.0083,0.003,-0.0187,-0.0434,-0.0687,-0.0917,-0.1143,-0.1522,-0.2145,-0.2608,-0.2607,-0.2679,-0.2586,-0.2196,-0.1786,-0.0711,0.0017,0.002,-0.0022,-0.0104,-0.0221,-0.036,-0.0517,-0.0718,-0.1003,-0.1324,-0.1581,-0.18,-0.1958,-0.2005,-0.1962,-0.1711,0.0131,0.0021,-0.033,-0.066,-0.0933,-0.1115,-0.1253,-0.1609,-0.2284,-0.2568,-0.2052,-0.1758,-0.1257,-0.0382,0.035,0.2001,0.8527,1.0772,0.9761,1.0668,0.9989,0.171,2.1709,0.0978,1.6664,-0.5579,1.5628,0.9499,-0.2609,6.6092,-1.816,1.2734,0.9287,24.175,25.462,1.1521,0.0886,-5.99,3.6782,-23.206,0.0088,1,0.1431,0.25,37.704,0.0018,0.0001,0,-0.0086,-0.0001,0.0004,0,0.0108,0.0071,0.0123,0.0001,0.0035,0.0001,0.9392,0.3289,-0.487,-1.0095,0.9292,14.977,2,0.2188,1.4276,0.0477,0.0626,-0.0001,0.5877,0.1905,73.424,60.242,99.788,12.069,39.546,26.364
1,-0.0687,-0.0917,-0.1143,-0.1522,-0.2145,-0.2608,-0.2607,-0.2679,-0.2586,-0.2196,-0.1786,-0.0711,0.0292,0.1313,0.2018,0.2636,-0.0221,-0.036,-0.0517,-0.0718,-0.1003,-0.1324,-0.1581,-0.18,-0.1958,-0.2005,-0.1962,-0.1711,-0.1311,-0.0786,-0.0225,0.0347,-0.0933,-0.1115,-0.1253,-0.1609,-0.2284,-0.2568,-0.2052,-0.1758,-0.1257,-0.0382,0.035,0.2001,0.3205,0.4198,0.4487,0.4578,0.4716,1.0773,0.9761,1.0728,1.0012,0.315,1.3436,-0.7443,1.8545,-1.0199,2.7502,2.3193,-0.9692,3.523,-1.472,1.0862,0.9164,40.867,17.617,1.0836,0.9894,-0.127,3.4146,-0.1869,0.0009,0.5928,0.6056,0.0078,135.17,0,-0.0001,0,-0.0004,0,0.0001,0,-0.001,-0.0006,-0.0005,0,-0.0015,0,1.1019,0.8289,-0.127,-0.1266,0.9458,33.803,1,14.332,0.0698,0.1039,0,1.0728,0,1.7294,73.835,60.379,100.75,0.271,40.368,26.912
0,0.0922,0.0784,0.0666,0.1013,0.1298,0.1482,0.1442,0.1473,0.1545,0.1632,0.1809,0.2023,0.2319,0.2444,0.2515,0.2677,0.1629,0.146,0.1301,0.1244,0.1255,0.13,0.1328,0.1357,0.1395,0.1442,0.1516,0.1617,0.1757,0.1895,0.2019,0.215,-0.1414,-0.1353,-0.127,-0.0461,0.0086,0.0363,0.0226,0.0232,0.0301,0.0379,0.0586,0.0811,0.1122,0.1099,0.0992,0.1053,0.8,1.0322,0.9971,1.0311,1.0008,0.8191,2.2268,0.1911,1.1798,0.0981,2.2308,2.511,-1.8,0.9574,-0.6861,1.274,0.5068,3.4945,1.3913,1.4316,-0.0822,-2.5071,1.5084,-1.5056,0.0013,0.8904,0.306,0.0313,15.219,0.0007,0.0021,0.0001,0.0047,0.0001,-0.0008,0,0.002,0.0008,0.0024,0,0.0013,0,5.167,0.7444,-1.2971,-0.6748,0.0542,4.0179,1,0.715,0.2089,0.0771,0.0795,-0.0005,0.0453,1.3535,50,50,50,2.5371,0,0
1,0.0973,0.0891,0.0824,0.0731,0.057,0.0437,0.032,0.0217,0.0141,0.0073,-0.0046,-0.0082,-0.0086,-0.0032,0.0059,0.0177,0.1059,0.1025,0.0985,0.0934,0.0861,0.0777,0.0685,0.0592,0.0502,0.0416,0.0324,0.0242,0.0177,0.0135,0.012,0.0131,-0.0173,-0.0269,-0.0322,-0.0407,-0.0583,-0.0679,-0.073,-0.075,-0.072,-0.0686,-0.0738,-0.0649,-0.0525,-0.0334,-0.0122,0.0091,0.2391,1.0455,0.9971,1.0322,0.9999,0.0995,1.5024,-0.8032,2.1068,-0.0755,2.0499,0.8308,-0.4958,1.5515,-0.9259,1.492,0.7561,3.1538,3.7963,1.5,0.9024,-0.1951,1.5769,-0.3704,0.005,1,0.898,0.0078,17.095,0.0013,0.0005,0,0.002,0,0.0012,0,0.0046,0.0009,0.0055,0,0.0034,0,1.1619,1.944,0.3001,0.2016,0.7625,7,0,1,0,0.3919,6.8115,-0.0018,0.5394,3.2836,67.166,57.002,87.496,0.3077,30.495,20.33
0,0.0207,0.0253,0.0239,0.0225,0.0212,0.0159,0.0148,0.0113,0.0109,0.0088,0.0071,0.0113,0.0136,0.0169,0.0208,0.0412,0.0195,0.0207,0.0213,0.0216,0.0215,0.0204,0.0193,0.0177,0.0163,0.0148,0.0133,0.0129,0.013,0.0138,0.0152,0.0204,0.0023,0.0093,0.0051,0.0019,-0.0006,-0.009,-0.009,-0.0127,-0.0109,-0.012,-0.0123,-0.0032,0.0012,0.0062,0.0113,0.0417,0.9272,1.0455,0.9971,1.039,1.0003,-0.1017,1.4667,-1.8341,5.8412,-0.6657,2.1739,2.5785,-0.3333,3.2308,-0.4177,1.2857,0.9048,11.308,4.3854,1.415,0.8163,-0.4426,4.6923,-0.8055,0.0037,1,0.6932,0.001,30.647,0.0012,0.0029,0.0001,0.0015,0.0001,0.0007,0,0.0073,0.0039,0.0076,0,0.0063,0,4.2017,1.7131,-1.2966,-0.4335,0.85,4.0909,0,1,0,0.205,1.1133,-0.001,0.2426,3.6812,69.444,57.761,92.812,1.6923,35.051,23.367
1,-0.012,-0.0062,0.0087,0.0083,0.0183,0.0228,0.0188,0.0099,0.0156,0.0246,0.0322,0.0322,0.0367,0.0389,0.041,0.0454,-0.0611,-0.0502,-0.0384,-0.029,-0.0196,-0.0111,-0.0051,-0.0021,0.0014,0.0061,0.0113,0.0155,0.0197,0.0236,0.0271,0.0307,0.0983,0.0878,0.0942,0.0748,0.0758,0.0677,0.0478,0.024,0.0283,0.0371,0.0419,0.0335,0.0339,0.0307,0.028,0.0294,0.8969,1.0282,0.9816,1.0102,0.9996,0.1362,2.3712,0.9895,2.3053,-0.0952,1.258,0.7054,-0.1392,1.0207,-0.2015,1.3264,0.9545,3.1266,4.433,2.2397,0.7355,-0.2133,3.876,-1.1724,0.0025,0.8264,0.8544,0.5,18.818,0.0004,0.0037,0.0001,0.0016,0,0.0003,0,0.0021,0.0013,0.0033,0,0.0008,0,0.8698,1.062,0.0937,0.0963,0.4,4.3956,0,1,0,0.1453,0.8941,-0.0008,0.1259,2.566,42.832,47.611,33.274,0.2584,-14.336,-9.5576
0,0.0228,0.0188,0.0099,0.0156,0.0246,0.0322,0.0322,0.0367,0.0389,0.041,0.0454,0.0563,0.0881,0.14,0.1639,0.1919,-0.0111,-0.0051,-0.0021,0.0014,0.0061,0.0113,0.0155,0.0197,0.0236,0.0271,0.0307,0.0358,0.0463,0.065,0.0848,0.1062,0.0677,0.0478,0.024,0.0283,0.0371,0.0419,0.0335,0.0339,0.0307,0.028,0.0294,0.0409,0.0837,0.1499,0.1581,0.1713,1,1.0413,0.9816,1.038,1.0023,0.3139,2.2791,-1.9187,5.4272,-1.1355,3.4347,0.1346,-10.643,0.0897,-7.0952,1.0399,0.5755,2.25,16.714,1.9858,0.7749,-0.2283,2.2179,-3.7619,0.0025,0.9346,0.3271,0.5,27.294,0,0.0022,0.0001,0.0028,0.0002,-0.0001,0,0.002,0.002,0.0057,0.0001,0.0033,0.0001,0.7062,1.0442,0.0858,0.0868,0.4167,6.4706,0,1,0,0.1145,2.0016,-0.0008,0.7677,0,46.667,48.889,42.222,0.3846,-6.6667,-4.4445
1,0.0553,0.0624,0.0649,0.0693,0.0736,0.0769,0.0866,0.086,0.0822,0.0734,0.0658,0.067,0.0736,0.0771,0.0774,0.0783,0.0281,0.0349,0.0409,0.0466,0.052,0.057,0.0629,0.0675,0.0705,0.0711,0.07,0.0694,0.0702,0.0716,0.0728,0.0739,0.0545,0.055,0.048,0.0455,0.0432,0.0398,0.0473,0.037,0.0234,0.0048,-0.0084,-0.0048,0.0067,0.011,0.0092,0.0089,0.1226,1.0413,0.9816,1.036,0.9988,0.1211,1.9096,0.3947,1.4746,-0.5587,1.6339,1.6707,-1.3931,4.4207,-3.6861,1.5431,0.2434,8.1402,4.8723,1.9775,1,0,7.9573,0,0.002,0.5993,1,0.125,20.762,0.0009,0.0001,0,0.0054,0,0.0025,0,0.0011,-0.0007,0.002,0,0.002,0,0.8699,0.7813,-0.0089,-0.0107,0.6458,2.0498,0,1,0,1.6335,0.9745,-1.0413,61.247,3.3826,49.043,48.429,50.272,0,1.8425,1.2283
1,0.0553,0.0624,0.0649,0.0693,0.0736,0.0769,0.0866,0.086,0.0822,0.0734,0.0658,0.067,0.0736,0.0771,0.0774,0.0783,0.0281,0.0349,0.0409,0.0466,0.052,0.057,0.0629,0.0675,0.0705,0.0711,0.07,0.0694,0.0702,0.0716,0.0728,0.0739,0.0545,0.055,0.048,0.0455,0.0432,0.0398,0.0473,0.037,0.0234,0.0048,-0.0084,-0.0048,0.0067,0.011,0.0092,0.0089,1,1.0421,0.9816,1.0413,1.0002,1.3908,3.9797,-0.1404,2.1765,-0.0258,1.4491,1.1828,-0.0693,14.731,-0.8636,4.3911,0.7649,4.3441,3.6727,1.8317,0.2847,-0.8601,3.6129,-2.6273,0.0033,0.983,0.8718,0.0313,31.415,-0.0003,0.0002,0,0.0017,0.0002,0.0002,0,0.0027,0.0031,0.0053,0,0.0049,0,0.826,1.2656,0.2065,0.2103,0.65,1.9298,1,114.04,0.0015,0.3951,4,0,0.0129,1.418,49.904,48.716,52.281,1.1935,3.5651,2.3767
1,0.0695,0.0628,0.0561,0.0477,0.0399,0.0269,-0.0051,-0.0246,-0.0339,-0.0505,-0.0629,-0.0758,-0.0875,-0.0757,-0.0497,-0.0287,0.0777,0.0747,0.071,0.0663,0.0611,0.0542,0.0424,0.029,0.0164,0.003,-0.0102,-0.0233,-0.0361,-0.0441,-0.0452,-0.0419,-0.0165,-0.0239,-0.0299,-0.0372,-0.0423,-0.0547,-0.095,-0.1071,-0.1007,-0.107,-0.1054,-0.1051,-0.1027,-0.0633,-0.009,0.0264,0.8525,1.0445,0.9816,1.0417,1.0025,-0.0225,1.5913,0.4214,1.2524,-1.1124,2.5285,1.0039,-4.8636,0.8661,-4.1961,1.2458,-0.1955,3.5236,3.5098,1.4246,0.1006,-2.1184,1.4961,-3.1569,0.0196,1,0.3207,0.5,13.919,0.0016,0.0089,0.0001,0.0101,0.0001,0.0009,0,0.012,0.0091,0.0155,0.0001,-0.0041,0,9.5258,2.27,-0.6376,-0.1731,0.7583,5.8734,0,1,0,0.0393,0.1348,-0.0004,0.0366,2.4754,54.18,49.485,63.57,0.9843,14.085,9.3902
1,-0.0109,-0.0046,-0.0108,-0.0283,-0.0305,-0.0319,-0.0311,-0.0308,-0.0311,-0.0309,-0.0305,-0.0298,-0.0297,-0.0292,-0.0278,-0.0255,-0.0206,-0.0174,-0.0161,-0.0185,-0.0209,-0.0231,-0.0247,-0.0259,-0.027,-0.0278,-0.0283,-0.0286,-0.0288,-0.0289,-0.0287,-0.028,0.0195,0.0256,0.0105,-0.0196,-0.0192,-0.0176,-0.0127,-0.0098,-0.0082,-0.0064,-0.0043,-0.0023,-0.0017,-0.0007,0.0018,0.005,0.7427,1.0445,0.9816,1.0298,1.0011,-0.8391,2.3317,-1.1848,3.1206,0.5637,2.0258,0.4313,-0.9286,0.444,-0.9559,1.1024,0.9049,4.334,10.049,1.1902,0.9951,-0.0256,0.8245,-0.049,0.002,0.8741,0.975,0,31.882,0.0001,0.0025,0,0.0009,0,0.0007,0,0.0012,0.0005,0.0029,0,0.0008,0,1.0763,3.1986,0.9177,0.458,0.8542,11.25,0,1,0,0.0196,3.5056,-0.0016,0.0966,0.7998,52.05,48.775,58.6,0.0211,9.8253,6.5502
1,0.0606,0.0576,0.0562,0.0544,0.0556,0.0551,0.0524,0.0482,0.0443,0.0392,0.0339,0.0262,0.0191,0.0157,0.0248,0.0452,0.0693,0.0669,0.0648,0.0627,0.0613,0.06,0.0585,0.0564,0.054,0.0511,0.0476,0.0433,0.0385,0.0339,0.0321,0.0347,-0.0172,-0.0187,-0.0172,-0.0166,-0.0114,-0.0099,-0.0121,-0.0165,-0.0194,-0.0237,-0.0274,-0.0343,-0.0388,-0.0365,-0.0146,0.021,0.8286,1.0143,0.9884,1.0079,0.9994,0.5598,1.9968,-0.2285,18.177,0.7883,1.8825,1.1829,-1.0474,1.5482,-1.3709,1.0642,0.9327,24.099,20.373,1.2131,1,0,5.1351,0,0.0024,1,1,0.0039,116.24,0.0003,0.0016,0.0001,0.0013,0.0001,0.0003,0,0.003,0.001,0.0037,0,0.0026,0,1.5787,0.0728,-0.9091,-6.0228,0.575,69.192,0,1,0,0.0375,1.2857,-1.0082,31.456,1.9949,51.979,49.792,56.352,0,6.5594,4.3729
1,0.0556,0.0551,0.0524,0.0482,0.0443,0.0392,0.0339,0.0262,0.0191,0.0157,0.0248,0.0452,0.0663,0.0764,0.0827,0.1091,0.0613,0.06,0.0585,0.0564,0.054,0.0511,0.0476,0.0433,0.0385,0.0339,0.0321,0.0347,0.041,0.0481,0.055,0.0658,-0.0114,-0.0099,-0.0121,-0.0165,-0.0194,-0.0237,-0.0274,-0.0343,-0.0388,-0.0365,-0.0146,0.021,0.0505,0.0566,0.0554,0.0864,1,1.034,0.9884,1.034,1.0061,1.5259,4.5241,-0.0764,2.0361,0.6883,1.7581,0.5325,-0.0176,15.903,-0.5263,4.7085,0.9346,4.2881,8.0526,1.4771,-0.2392,-2.5973,2.046,-9.9789,0.0106,0.9281,0.8911,0.0625,33.242,0.003,0.0085,0.0004,0.0093,0.0004,0.0001,0,0.0127,0.0078,0.0185,0.0002,0.0079,0.0001,1.3491,1.5932,0.2283,0.1524,0.6,6.0929,0,1,0,0.0142,0.5805,-0.0021,0.202,1.1443,55.877,51.092,65.448,4.204,14.357,9.5711
1,0.047,0.0387,0.0365,0.0383,0.0394,0.0365,0.0331,0.03,0.0249,0.0238,0.0242,0.0299,0.0347,0.0494,0.0762,0.0963,0.0216,0.025,0.0273,0.0295,0.0315,0.0325,0.0326,0.0321,0.0306,0.0293,0.0283,0.0286,0.0298,0.0337,0.0422,0.053,0.0508,0.0273,0.0184,0.0177,0.0158,0.0081,0.001,-0.0042,-0.0115,-0.011,-0.0081,0.0026,0.0099,0.0313,0.0679,0.0866,0.9216,1.0295,0.9899,1.0171,0.9994,-0.173,1.7802,2.6004,12.444,0.4874,1.074,0.5949,-6.6667,0.7692,-8.6207,1.0451,0.6992,17.051,28.664,1.6767,0.9248,-0.1111,11.539,-2.1552,0.0007,1,0.8485,0.0625,39.88,0.0003,0.0012,0,0.0006,0,0.0003,0,0.0009,0.0001,0.0004,0,-0.0005,0,0.3048,0.5273,0.1212,0.2926,0.8458,33.429,1,2.601,0.3845,0.0978,1.0003,-0.0001,1.2977,0.2142,43.795,43.875,43.636,0.641,-0.239,-0.1593
1,-0.1929,-0.1919,-0.1921,-0.171,-0.1676,-0.175,-0.1677,-0.1552,-0.131,-0.0713,-0.0238,0.0177,0.0508,0.0673,0.0899,0.1122,-0.1399,-0.1503,-0.1587,-0.1611,-0.1624,-0.165,-0.1655,-0.1635,-0.157,-0.1398,-0.1166,-0.0898,-0.0617,-0.0359,-0.0107,0.0139,-0.106,-0.0832,-0.0669,-0.0197,-0.0104,-0.0202,-0.0044,0.0164,0.052,0.137,0.1856,0.2149,0.2249,0.2064,0.2013,0.1966,0.9865,1.0189,0.9789,1.001,1.0005,2.1412,6.4297,1.3601,3.4223,0.2679,1.1181,1.6196,-0.0909,1.1957,-0.0671,1.0743,0.9932,16.088,9.9336,1.777,1,0,12.5,0,0.0038,1,0.8319,0,60.588,0.0015,-0.0002,0,0.0007,0,0.0005,0,0.0047,0.0012,0.0052,0,0.0042,0,3.5469,0.6394,-0.8555,-0.6593,0.6083,3.9823,1,2.9447,0.1915,0.3855,0.2776,0.0008,0.0769,3.326,55.509,51.936,62.653,0,10.717,7.1447
0,0.0117,0.0154,0.0189,0.0222,0.0254,0.0315,0.0424,0.0528,0.0572,0.0584,0.0578,0.0575,0.059,0.0627,0.0649,0.0699,-0.0037,0.0001,0.0039,0.0075,0.0111,0.0152,0.0206,0.0271,0.0331,0.0381,0.0421,0.0452,0.0479,0.0509,0.0537,0.0569,0.0308,0.0305,0.03,0.0294,0.0285,0.0327,0.0435,0.0515,0.0482,0.0404,0.0315,0.0247,0.0222,0.0237,0.0224,0.0259,0.6943,1.0291,0.993,1.0239,1,0.0124,1.6898,-0.3914,1.5807,0.0854,2.1491,0.6106,-0.4737,1.5677,-1.2162,1.5191,0.7541,3.0198,4.9459,1.7158,0.9836,-0.0229,2.1617,-0.0811,0.0004,0.918,0.6045,0.0039,25.132,0.0002,0.0003,0,-0.0001,0,0.0006,0,0.0027,0.0021,0.003,0,0.0026,0,0.8528,2.5459,0.642,0.4422,0.6542,2.7761,1,27.011,0.037,0.4824,1.529,-0.0004,1.0932,1.1292,33.491,41.733,17.006,0.0495,-24.728,-16.485
0,0.0189,0.0222,0.0254,0.0315,0.0424,0.0528,0.0572,0.0584,0.0578,0.0575,0.059,0.0627,0.0649,0.0699,0.0738,0.0776,0.0039,0.0075,0.0111,0.0152,0.0206,0.0271,0.0331,0.0381,0.0421,0.0452,0.0479,0.0509,0.0537,0.0569,0.0603,0.0638,0.03,0.0294,0.0285,0.0327,0.0435,0.0515,0.0482,0.0404,0.0315,0.0247,0.0222,0.0237,0.0224,0.0259,0.0269,0.0276,0.6943,1.0291,0.993,1.0239,1,-0.1024,1.8248,-0.2812,1.5187,0.0811,1.9548,0.5072,-0.4737,1.721,-1.6071,1.3785,0.8207,4.5471,8.9643,1.2709,0.988,-0.0441,1.2319,-0.1071,0.0004,0.721,0.9577,0.002,34.47,0.0001,0.0006,0,0.0011,0,0.0005,0,0.0028,0.0022,0.003,0,0.0026,0,0.6456,2.5349,0.7483,0.5865,0.6542,4.3662,1,21.676,0.0441,0.3872,15.006,-0.0004,0.6073,1.0163,33.675,41.795,17.434,0.0543,-24.36,-16.24
0,0.0271,0.0248,0.0228,0.0209,0.0175,0.0132,0.0056,-0.002,-0.0087,-0.0115,-0.0144,-0.0164,-0.0179,-0.0204,-0.0157,-0.0063,0.0432,0.0396,0.0362,0.0331,0.03,0.0266,0.0224,0.0175,0.0123,0.0075,0.0031,-0.0008,-0.0042,-0.0074,-0.0091,-0.0085,-0.0322,-0.0295,-0.0269,-0.0245,-0.0249,-0.027,-0.0337,-0.0391,-0.0421,-0.0381,-0.035,-0.0313,-0.0273,-0.0259,-0.0133,0.0044,0.9724,1.0291,0.993,1.02,1.0007,-0.7013,1.8552,1.4222,3.4929,0.4787,1.2646,0.804,-0.5091,1.3819,-0.875,1.2696,0.8627,5.1256,6.375,1.7451,1,0,3.8191,0,0.0035,1,1,0.0625,28.016,0.0008,0.0025,0,0.0036,0,0.0015,0,0.0043,0.0025,0.0061,0.0001,0.0026,0.0001,1.0416,0.2607,-0.622,-1.5872,0.7542,7.2973,0,1,0,0.0738,1.2401,-1.0243,91.906,0.6134,30.791,37.617,17.141,0,-20.476,-13.651
1,0.0248,0.0228,0.0209,0.0175,0.0132,0.0056,-0.002,-0.0087,-0.0115,-0.0144,-0.0164,-0.0179,-0.0204,-0.0157,-0.0063,0.0027,0.0396,0.0362,0.0331,0.03,0.0266,0.0224,0.0175,0.0123,0.0075,0.0031,-0.0008,-0.0042,-0.0074,-0.0091,-0.0085,-0.0063,-0.0295,-0.0269,-0.0245,-0.0249,-0.027,-0.0337,-0.0391,-0.0421,-0.0381,-0.035,-0.0313,-0.0273,-0.0259,-0.0133,0.0044,0.018,0.4066,1.0291,0.993,1.0204,0.9998,-0.9567,4.8778,0.2255,1.6265,-0.3125,1.4341,0.6391,-0.5091,1.6272,-1.2963,1.1467,0.9253,11.095,17.361,1.32,1,0,3.5503,0,0.0039,1,1,0.001,51.499,0.0007,0.0022,0,0.0009,0,0.0014,0,0.0064,0.0034,0.0065,0,0.0061,0.0001,0.6807,0.9449,0.1214,0.148,0.7583,10.5,0,1,0,0.2621,1.2804,-1.0243,89.696,0.9613,30.908,37.656,17.412,0,-20.244,-13.496
0,0.0313,0.034,0.035,0.0329,0.0301,0.0276,0.0245,0.0234,0.0206,0.0191,0.0168,0.0117,0.0083,0.008,0.01,0.0163,0.032,0.0324,0.0329,0.0329,0.0323,0.0314,0.03,0.0287,0.0271,0.0255,0.0237,0.0213,0.0187,0.0166,0.0153,0.0155,-0.0012,0.0033,0.0042,0,-0.0045,-0.0076,-0.011,-0.0106,-0.0129,-0.0128,-0.0138,-0.0193,-0.0208,-0.0172,-0.0105,0.0016,0.9341,1.0338,1,1.0222,1.0006,-0.5207,1.5514,-0.968,3.9186,0.0072,1.2385,0.6625,-0.4,0.7332,-0.4427,1.122,0.9512,6.0122,9.0748,1.1598,0.8841,-0.7253,0.9605,-1.0516,0.0009,1,0.8781,0.125,47.884,0.0002,0.0014,0,0.0009,0,0.0007,0,0.0016,0.0007,0.0018,0,0.0009,0,0.8021,0.8807,0.0146,0.0173,0.75,16.105,1,10.009,0.0102,0.0244,10.009,-0.0009,0.0921,0.9747,43.88,44.422,42.796,0.682,-1.6256,-1.0837
1,0.0264,0.0259,0.0261,0.0235,0.0212,0.0176,0.0153,0.0126,0.0119,0.0112,0.0122,0.0112,0.0111,0.0108,0.0177,0.0293,0.0252,0.0253,0.0255,0.0251,0.0243,0.023,0.0214,0.0197,0.0181,0.0167,0.0158,0.0149,0.0141,0.0135,0.0143,0.0173,0.0025,0.0012,0.0012,-0.0032,-0.0062,-0.0108,-0.0122,-0.0141,-0.0124,-0.011,-0.0073,-0.0074,-0.0061,-0.0053,0.0068,0.024,1,1.04,1,1.0382,0.9989,1.2208,3.281,0.7348,3.8362,0.2215,0.7577,1.0572,-0.129,1.3432,-0.1639,1.2056,0.9735,6.5338,6.1803,4.2317,0.9721,-0.0086,21.115,-0.1721,0.0089,1,0.9865,0.0313,44.03,0.005,0.0083,0.0001,0.0012,0,0.0006,0,0.0091,0.0024,0.0107,0.0001,0.0018,0,0.9844,1.0279,0.0214,0.0213,0.8458,1.9201,1,228.7,0.0011,0.6114,153.25,-0.0009,1.9159,2.6611,47.863,45.749,52.09,0.182,6.3409,4.2272
0,0.031,0.0267,0.0198,0.0142,0.0137,0.013,0.0132,0.0132,0.0115,0.0076,0.0044,0.0035,0.0027,0.0029,0.0054,0.0089,0.0376,0.0354,0.0323,0.0287,0.0257,0.0231,0.0212,0.0196,0.0179,0.0159,0.0136,0.0116,0.0098,0.0084,0.0078,0.008,-0.0131,-0.0174,-0.0249,-0.0289,-0.024,-0.0202,-0.0159,-0.0127,-0.013,-0.0166,-0.0183,-0.0161,-0.0141,-0.011,-0.0048,0.0017,0.9526,1.048,1,1.0364,1.0005,0.0622,1.6274,-2.0318,6.9888,0.5608,2.3975,0.3656,-0.0915,0.2439,-0.061,1.4481,0.959,0.5443,1.489,2.1694,0.9727,-0.0234,0.6365,-0.0407,0.0009,1,0.9772,0.0625,21.373,0.0001,0.0022,0.0001,0.0006,0,0.0001,0,0.0001,0,0.0009,0,0,0,1.2415,1.162,0.0588,0.0497,0.9583,2.0548,0,1,0,0.0876,3.2051,-0.0009,0.0722,1.8436,45.976,45.121,47.688,0.0149,2.5673,1.7115
1,0.0362,0.0356,0.0323,0.0277,0.0214,0.0163,0.0128,0.0076,0.0034,0.0009,-0.0027,-0.0062,-0.0074,-0.0066,0.0021,0.0144,0.034,0.0343,0.0339,0.0327,0.0304,0.0276,0.0246,0.0212,0.0177,0.0143,0.0109,0.0075,0.0045,0.0023,0.0023,0.0047,0.0044,0.0025,-0.0033,-0.0099,-0.018,-0.0226,-0.0236,-0.0272,-0.0285,-0.0268,-0.0272,-0.0275,-0.0238,-0.0178,-0.0003,0.0195,0.9836,1.0216,0.9812,1.0085,1.0033,-0.2539,1.4928,-0.8731,2.8319,0.8221,2.0386,0.1707,-0.0758,1.3651,-0.6061,2.0598,0.9197,1.288,7.5469,3.5228,1,0,3.2495,0,0.0085,0.7749,1,0.0005,43.707,0.003,0.0066,0.0002,0.002,0.0001,0.0008,0,0.0041,0,0.0085,0,0.0009,0,0.3205,1.4659,0.56,0.5826,0.7542,1.525,0,1,0,0.0213,1.3683,-1.0141,63.348,1.8412,37.45,40.565,31.221,0,-9.3438,-6.2292
1,-1.4662,-1.5368,-1.5745,-1.5862,-1.5773,-1.5523,-1.515,-1.4686,-1.4154,-1.3577,-1.2969,-1.2346,-1.1717,-1.109,-1.0872,-1.072,-1.0075,-1.1134,-1.2056,-1.2817,-1.3408,-1.3831,-1.4095,-1.4213,-1.4201,-1.4076,-1.3855,-1.3553,-1.3186,-1.2767,-1.2388,-1.2054,-0.9173,-0.8467,-0.7378,-0.6089,-0.4728,-0.3383,-0.211,-0.0945,0.0094,0.1,0.1771,0.2415,0.2939,0.3353,0.3032,0.2668,1,1.0425,1.0239,1.0397,1.011,1.3556,11.954,1.5517,5.3471,0.6552,1.4488,0.24,-0.1161,34.453,-16.667,7.46,0.25,5.3333,22.222,1.4,0.5875,-1.0313,2.1333,-9.1667,0.0077,1,0.6308,0.5,10.676,0.002,0.0038,0.0003,0.002,0.0001,0.0006,0,0.0121,0.0076,0.01,0.0003,0.0024,0.0001,0.4201,1.2524,0.3898,0.4316,0,12,1,2.0054,0.0488,0.0504,0.1823,-0.0015,0.6667,0,28.942,36.326,14.174,1.5333,-22.152,-14.768
1,-1.4662,-1.5368,-1.5745,-1.5862,-1.5773,-1.5523,-1.515,-1.4686,-1.4154,-1.3577,-1.2969,-1.2346,-1.1717,-1.109,-1.0872,-1.072,-1.0075,-1.1134,-1.2056,-1.2817,-1.3408,-1.3831,-1.4095,-1.4213,-1.4201,-1.4076,-1.3855,-1.3553,-1.3186,-1.2767,-1.2388,-1.2054,-0.9173,-0.8467,-0.7378,-0.6089,-0.4728,-0.3383,-0.211,-0.0945,0.0094,0.1,0.1771,0.2415,0.2939,0.3353,0.3032,0.2668,1,1.0466,1.0239,1.0442,1.0144,0.5328,1.3935,0.2551,1.4798,0.4235,1.9828,1,-0.1161,49.692,-5.7692,5.8755,0.434,10.192,10.192,1.6038,0.7075,-0.4844,6.1538,-2.9808,0.0122,0.9762,0.7474,0.25,14.146,0.0033,0.0042,0.0003,0.0103,0.0007,0.0004,0,0.0158,0.0085,0.0146,0.0004,0.0097,0.0005,2.6105,1.0297,-0.4356,-0.2947,0,10.4,2,9.5264,0.0783,0.4677,10.023,-0.0022,1.1111,0,31.509,37.182,20.163,2.2115,-17.018,-11.346
1,-1.4662,-1.5368,-1.5745,-1.5862,-1.5773,-1.5523,-1.515,-1.4686,-1.4154,-1.3577,-1.2969,-1.2346,-1.1717,-1.109,-1.0872,-1.072,-1.0075,-1.1134,-1.2056,-1.2817,-1.3408,-1.3831,-1.4095,-1.4213,-1.4201,-1.4076,-1.3855,-1.3553,-1.3186,-1.2767,-1.2388,-1.2054,-0.9173,-0.8467,-0.7378,-0.6089,-0.4728,-0.3383,-0.211,-0.0945,0.0094,0.1,0.1771,0.2415,0.2939,0.3353,0.3032,0.2668,1,1.0498,1.0239,1.0469,1.0145,-1.1616,4.7362,-0.6013,4.3766,0.8409,2.1414,0.1529,-0.4789,5.5882,-17.5,3.9688,-0.4219,1.8824,12.308,2.6538,0.0625,-0.5669,3.1129,-11.539,0.0072,0.9063,0.2586,0.125,8.5408,0.0009,0.0064,0.0005,0.0009,0.0001,0.0004,0,0.0131,0.0118,0.0173,0.0004,0.0146,0.0005,0.6228,2.9335,1.2774,0.6519,0,1.8182,1,0.7143,1.4,0.791,0,1.0469,0,0,31.577,37.204,20.323,0.6471,-16.881,-11.254
1,-0.1823,-0.145,-0.1092,-0.0561,-0.0417,-0.065,-0.1217,-0.1256,-0.0929,-0.0719,-0.0473,-0.0244,-0.0046,0.0102,0.0217,0.0504,-0.4407,-0.3816,-0.3271,-0.2729,-0.2266,-0.1943,-0.1798,-0.169,-0.1537,-0.1374,-0.1194,-0.1004,-0.0812,-0.0629,-0.046,-0.0267,0.5167,0.4732,0.4357,0.4337,0.3699,0.2586,0.1162,0.0867,0.1216,0.131,0.144,0.1519,0.1533,0.1463,0.1354,0.1542,0.2692,1.0541,0.926,0.9953,1.0024,-7.888,83.195,-0.2264,3.1326,-0.2417,0.3229,0.2814,-0.0097,3.3842,-0.1163,3.9381,0.9716,1.1518,4.093,1.3977,0.9148,-0.2143,0.4581,-0.3488,0.0029,0.8864,0.7647,0.0625,9.3949,0.0004,0.0021,0.0001,0.0012,0.0001,0.001,0,0.0027,0.0014,0.0044,0,0.0015,0,1.39,1.4325,0.2466,0.1733,0.2083,4.2353,0,1,0,0.0324,3.2551,-0.0027,0.6798,0.3622,31.177,37.071,19.389,0.0982,-17.682,-11.788
0,-0.0929,-0.0719,-0.0473,-0.0244,-0.0046,0.0102,0.0217,0.0504,0.1162,0.1799,0.2302,0.2551,0.2596,0.2052,0.1674,0.1599,-0.1537,-0.1374,-0.1194,-0.1004,-0.0812,-0.0629,-0.046,-0.0267,0.0019,0.0375,0.076,0.1118,0.1414,0.1542,0.1568,0.1574,0.1216,0.131,0.144,0.1519,0.1533,0.1463,0.1354,0.1542,0.2286,0.2849,0.3084,0.2865,0.2365,0.1021,0.0212,0.0049,0.3167,1.0541,0.926,0.9953,1.0013,-0.2973,1.4198,-0.3751,1.343,0.0595,1.7317,1.0533,-1.4,0.3333,-0.443,1.0769,0.8923,4.3333,4.1139,1.3846,0.9385,-0.16,1.6667,-0.2532,0.0015,1,0.8214,0.0156,17.349,0.0001,0.0006,0,0.0032,0.0001,0.0009,0,0.0046,0.0041,0.0059,0,0.0044,0,2.0268,2.1498,-0.0008,-0.0004,0.2417,10.5,0,1,0,0.0462,0.6667,0,0.0444,1.5013,30.95,36.995,18.859,0.2,-18.136,-12.091
1,-0.1173,-0.1037,-0.0576,-0.0177,0.0187,0.0477,0.0619,0.0524,0.0404,0.0345,0.0534,0.066,0.0735,0.0778,0.0866,0.1181,-0.1649,-0.1527,-0.1337,-0.1105,-0.0846,-0.0582,-0.0342,-0.0169,-0.0054,0.0026,0.0127,0.0234,0.0334,0.0423,0.0512,0.0646,0.0953,0.0979,0.1521,0.1856,0.2066,0.2117,0.1921,0.1385,0.0915,0.0638,0.0813,0.0852,0.0802,0.071,0.071,0.1071,0.5789,1.0541,0.926,0.9909,0.9999,1.0647,2.5315,0.3117,2.1482,0.6363,2.5179,1.3795,-0.0492,3.6747,-0.131,2.6053,0.9211,2.2892,1.6594,3.2632,1,0,5.1807,0,0.0037,1,0.9884,0.125,10.142,0.0023,0.0042,0.0002,0.0016,0.0001,0.0006,0,0.0039,0.0006,0.0044,0.0001,0.0013,0,3.1942,0.2188,-0.9037,-1.8957,0.4667,1.4884,0,1,0,1.322,85.274,-0.0031,1.3688,1.1032,31.233,34.923,23.852,0,-11.071,-7.3805
0,0.0866,0.1181,0.1973,0.249,0.2628,0.2707,0.2897,0.2965,0.3,0.3169,0.3241,0.3301,0.331,0.3272,0.3212,0.3121,0.0512,0.0646,0.0911,0.1227,0.1507,0.1747,0.1977,0.2174,0.234,0.2505,0.2653,0.2782,0.2888,0.2965,0.3014,0.3036,0.071,0.1071,0.2123,0.2527,0.2243,0.1919,0.1839,0.158,0.1321,0.1327,0.1178,0.1037,0.0845,0.0614,0.0396,0.0171,0.5547,1.0541,0.926,1.0027,1,2.3833,8.7471,-1.4335,3.2474,0.0901,5.4773,0.2795,-4.1111,0.1128,-1.6592,1.2308,0.0513,0.4889,1.7489,1.5385,0.9487,-0.0952,0.2633,-0.0897,0.0001,0.8205,0.8261,0.125,10.409,0,0.0001,0,0,0,0.0002,0,0,0,0,0,0,0,0.8746,1.0101,0.0383,0.0392,0.525,7.0588,1,3.2508,0.3076,0.4194,0.7502,-0.0001,0.0625,0,35.304,35.303,35.307,0.0251,0.005,0.0033
1,0.331,0.3272,0.3212,0.3121,0.3014,0.2912,0.279,0.2664,0.2526,0.2381,0.2249,0.2072,0.1893,0.174,0.2062,0.2531,0.2888,0.2965,0.3014,0.3036,0.3031,0.3007,0.2964,0.2904,0.2828,0.2739,0.2641,0.2527,0.24,0.2268,0.2227,0.2288,0.0845,0.0614,0.0396,0.0171,-0.0035,-0.0191,-0.0347,-0.048,-0.0605,-0.0715,-0.0784,-0.0911,-0.1014,-0.1057,-0.0329,0.0486,0.446,1.0541,0.926,1.0041,1.0001,-0.6002,2.326,1.0371,2.4739,0.5511,1.1828,0.1914,-0.2222,0.8612,-1,1.2278,0.9494,3.7799,19.75,2.019,1,0,3.8517,0,0.0016,1,1,0.125,21.085,0.0005,0.0076,0.0002,0.0032,0.0001,0.0002,0,0.0023,0.0012,0.0029,0,0.0013,0,0.3174,0.9037,0.1796,0.258,0.5708,6.9565,0,1,0,0.3934,1.331,-1.0041,287.89,0.2053,37.424,36.009,40.254,0,4.2446,2.8298
0,0.3272,0.3212,0.3121,0.3014,0.2912,0.279,0.2664,0.2526,0.2381,0.2249,0.2072,0.1893,0.174,0.2062,0.2531,0.2949,0.2965,0.3014,0.3036,0.3031,0.3007,0.2964,0.2904,0.2828,0.2739,0.2641,0.2527,0.24,0.2268,0.2227,0.2288,0.242,0.0614,0.0396,0.0171,-0.0035,-0.0191,-0.0347,-0.048,-0.0605,-0.0715,-0.0784,-0.0911,-0.1014,-0.1057,-0.0329,0.0486,0.1058,0.461,1.0541,0.926,1.0159,1.0001,1.0597,4.1856,-1.5926,8.2045,-0.7183,2.5865,0.8246,-2.8235,1.4912,-5.1064,1.2787,0.2131,5.3509,6.4894,1.4426,0.6721,-0.7407,2.3684,-2.1277,0.0003,0.7692,0.6915,0.0313,16.281,-0.0003,0,0,0,0,-0.0003,0,0.0035,0.0042,0.0075,0,0.0072,0,0.9216,0.9344,0.0001,0.0001,0.5833,8.4767,0,1,0,0.05,3.8505,-0.0001,2.1736,0.7673,37.636,36.08,40.748,0.614,4.6686,3.1124
0,0.3121,0.3014,0.2912,0.279,0.2664,0.2526,0.2381,0.2249,0.2072,0.1893,0.174,0.2062,0.2531,0.2949,0.3091,0.3168,0.3036,0.3031,0.3007,0.2964,0.2904,0.2828,0.2739,0.2641,0.2527,0.24,0.2268,0.2227,0.2288,0.242,0.2554,0.2677,0.0171,-0.0035,-0.0191,-0.0347,-0.048,-0.0605,-0.0715,-0.0784,-0.0911,-0.1014,-0.1057,-0.0329,0.0486,0.1058,0.1074,0.0981,0.4126,1.0541,0.926,1.0131,1.0001,1.0417,2.7743,-0.0429,1.608,-0.3651,1.0837,1.4474,-0.1875,2.1053,-0.2727,1.5926,0.8889,3.5526,2.4545,1.1852,-1,-10.8,0.6579,-4.9091,0.0004,0.8621,0.5085,0.125,7.2063,0.0002,0.0017,0.0001,0.0003,0,0.0002,0,-0.0003,-0.0007,-0.0025,0,-0.0029,0,1.4127,0.905,-0.2481,-0.2158,0.5875,2.807,3,1.0371,0.9643,1.1204,0.1111,0.0013,0.088,0.698,37.159,35.921,39.635,4.2105,3.7147,2.4764
0,0.2072,0.1893,0.174,0.2062,0.2531,0.2949,0.3091,0.3168,0.3167,0.2996,0.2707,0.2394,0.2146,0.2063,0.2381,0.3185,0.2527,0.24,0.2268,0.2227,0.2288,0.242,0.2554,0.2677,0.2775,0.2819,0.2797,0.2716,0.2602,0.2494,0.2472,0.2614,-0.0911,-0.1014,-0.1057,-0.0329,0.0486,0.1058,0.1074,0.0981,0.0785,0.0353,-0.0179,-0.0644,-0.0912,-0.0863,-0.0182,0.1141,0.7267,1.0541,0.926,1.0248,1.005,0.8051,2.0507,-0.9138,2.9514,0.278,0.6327,0.1648,-3.6667,0.1818,-4.0441,1.0408,0.8503,4.4545,27.022,2.3129,1,0,5.8485,0,0.009,0.9894,0.9845,0.0625,39.234,0.0011,0.0074,0.0001,0.0018,0,0.0009,0,0.0059,0.0039,0.0124,0.0002,0.0034,0.0001,0.1522,1.7585,0.8172,1.1643,0.6208,3.057,0,1,0,0.0109,4.03,-0.009,0.9823,0.2326,40.047,36.883,46.374,0,9.491,6.3274
0,0.2062,0.2531,0.2949,0.3091,0.3168,0.3167,0.2996,0.2707,0.2394,0.2146,0.2063,0.2381,0.3185,0.3898,0.4341,0.4009,0.2227,0.2288,0.242,0.2554,0.2677,0.2775,0.2819,0.2797,0.2716,0.2602,0.2494,0.2472,0.2614,0.2871,0.3165,0.3334,-0.0329,0.0486,0.1058,0.1074,0.0981,0.0785,0.0353,-0.0179,-0.0644,-0.0912,-0.0863,-0.0182,0.1141,0.2055,0.2352,0.1349,0.7935,1.0541,0.926,1.026,1.0011,0.1612,1.5361,-2.4074,7.2687,-1.8992,6.2847,0.0934,-1,0.0613,-0.6557,1.1067,0.8933,0.5743,6.1475,1,0.2667,0,0,-4.5082,0.0013,1,0.0303,0.25,20.017,0.0002,-0.0002,0,0.0006,0,-0.0002,0,0.0051,0.0046,0.0004,0,-0.0009,0,0.5213,0.9216,0.0007,0.0008,0.6375,26.25,1,0.0435,22.99,0.0133,0.0323,-0.0004,0.0434,0.4385,39.411,36.672,44.891,0.1838,8.2192,5.4795
1,-0.1052,-0.113,-0.1313,-0.1362,-0.1321,-0.1274,-0.1294,-0.1423,-0.1548,-0.1707,-0.1813,-0.1987,-0.2276,-0.2269,-0.2158,-0.1887,-0.0841,-0.0899,-0.0982,-0.1058,-0.1111,-0.1143,-0.1173,-0.1223,-0.1288,-0.1372,-0.146,-0.1566,-0.1708,-0.182,-0.1888,-0.1887,-0.0422,-0.0461,-0.0663,-0.0608,-0.0421,-0.0261,-0.0242,-0.0399,-0.0519,-0.0671,-0.0706,-0.0843,-0.1137,-0.0898,-0.0541,0.0001,0.3911,1.0541,0.926,1.0027,0.9999,-0.2973,2.3931,0.5315,2.6257,0.7625,2.0498,0.2276,-0.3158,1.3971,-1.9417,1.3455,0.8909,4.0441,17.799,1.3455,0.7818,-0.6316,1.3971,-3.8835,0.001,1,0.5484,0.001,14.68,0.0003,0.001,0,0.0003,0,0.0005,0,0.0025,0.0017,0.0029,0,0.0019,0,0.4368,0.861,0.079,0.1082,0.8333,4.129,1,8.5063,0.1176,0.3546,1.2152,-0.0007,2.2694,0.1996,38.586,36.75,42.258,0.8824,5.5081,3.6721
0,-0.1548,-0.1707,-0.1813,-0.1987,-0.2276,-0.2269,-0.2158,-0.1887,-0.1501,-0.1414,-0.1321,-0.1241,-0.1284,-0.1183,-0.1091,-0.0863,-0.1288,-0.1372,-0.146,-0.1566,-0.1708,-0.182,-0.1888,-0.1887,-0.181,-0.1731,-0.1649,-0.1567,-0.1511,-0.1445,-0.1374,-0.1272,-0.0519,-0.0671,-0.0706,-0.0843,-0.1137,-0.0898,-0.0541,0.0001,0.0618,0.0635,0.0656,0.0653,0.0453,0.0524,0.0567,0.0819,0.4928,1.0541,0.926,1.0052,1.0004,0.327,2.2425,0.4171,1.8037,0.2032,1.6476,1.098,-0.1875,1.5686,-0.2679,1.32,0.94,4.902,4.4643,1.7582,1,0,3.7167,0,0.0025,0.98,0.9736,0.0156,13.345,0.0006,0.0016,0,0.0038,0,0.0008,0,0.0013,0,0.0025,0,0,0,1.1238,0.6094,-0.2909,-0.3629,0.8667,1.741,0,1,0,0.2228,29.969,-0.0028,1.1931,0.417,38.851,36.839,42.877,0,6.0381,4.0254
0,-0.1548,-0.1707,-0.1813,-0.1987,-0.2276,-0.2269,-0.2158,-0.1887,-0.1501,-0.1414,-0.1321,-0.1241,-0.1284,-0.1183,-0.1091,-0.0863,-0.1288,-0.1372,-0.146,-0.1566,-0.1708,-0.182,-0.1888,-0.1887,-0.181,-0.1731,-0.1649,-0.1567,-0.1511,-0.1445,-0.1374,-0.1272,-0.0519,-0.0671,-0.0706,-0.0843,-0.1137,-0.0898,-0.0541,0.0001,0.0618,0.0635,0.0656,0.0653,0.0453,0.0524,0.0567,0.0819,0.1952,1.0541,0.926,1.0068,1.0004,0.3068,2.0315,-0.9605,2.4915,0.5525,2.2294,0.2517,-0.1875,1.039,-0.7752,1.1722,0.9677,6.0331,24.008,1.3229,0.9892,-0.0333,1.9481,-0.2584,0.0041,0.9785,0.9677,0.0001,24.798,0.0007,0.0018,0,0.0006,0,0.0004,0,0.0033,0.0007,0.0041,0,0.0027,0,0.3807,1.1331,0.3417,0.4217,0.8708,2.489,0,1,0,0.1214,11.015,-0.001,1.721,0.1419,39.116,36.927,43.495,0.0649,6.5679,4.3786
0,-0.1707,-0.1813,-0.1987,-0.2276,-0.2269,-0.2158,-0.1887,-0.1501,-0.1414,-0.1321,-0.1241,-0.1284,-0.1183,-0.1091,-0.0863,-0.0578,-0.1372,-0.146,-0.1566,-0.1708,-0.182,-0.1888,-0.1887,-0.181,-0.1731,-0.1649,-0.1567,-0.1511,-0.1445,-0.1374,-0.1272,-0.1133,-0.0671,-0.0706,-0.0843,-0.1137,-0.0898,-0.0541,0.0001,0.0618,0.0635,0.0656,0.0653,0.0453,0.0524,0.0567,0.0819,0.111,0.2322,1.0541,0.926,1.0071,1.0001,1.9674,5.7501,0.4857,1.7665,-0.1186,1.6114,3.7372,-0.0526,3.2759,-0.0461,1.7917,0.9583,4.1379,1.1075,2.3333,0.875,-0.0938,5.5172,-0.1384,0.0003,0.9474,0.9118,0.0625,6.4056,0.0001,-0.0008,0,-0.0001,0,0.0001,0,0.0017,0.0016,0.0018,0,0.0018,0,4.8391,0.9999,-1.6748,-0.6262,0.875,2.9118,1,10.336,0.0967,1.7224,3.3343,-0.0003,0.1075,3.546,39.063,36.909,43.371,0.5172,6.462,4.308
0,-0.2276,-0.2269,-0.2158,-0.1887,-0.1501,-0.1414,-0.1321,-0.1241,-0.1284,-0.1183,-0.1091,-0.0863,-0.0578,-0.0373,-0.0263,-0.0127,-0.1708,-0.182,-0.1888,-0.1887,-0.181,-0.1731,-0.1649,-0.1567,-0.1511,-0.1445,-0.1374,-0.1272,-0.1133,-0.0981,-0.0837,-0.0695,-0.1137,-0.0898,-0.0541,0.0001,0.0618,0.0635,0.0656,0.0653,0.0453,0.0524,0.0567,0.0819,0.111,0.1217,0.1149,0.1137,0.5467,1.0541,0.926,1.0066,0.9998,2.0326,5.612,-2.3346,18.519,2.0619,8.5518,0.5288,-6,0.0721,-0.8182,1.0566,0.6604,1.274,2.4091,2.4528,0.283,-0.4935,1.851,-1.7273,0.0007,0.8868,0.9826,0.0313,14.146,0.0002,0.0006,0,0.0002,0,0.0001,0,0.0008,0.0005,0.001,0,0.0006,0,0.5317,1.0507,0.2643,0.3365,0.8875,1.5965,1,69.01,0.0089,1.6837,68.01,-0.0001,0.6936,2.9063,39.116,36.927,43.495,0.8894,6.5679,4.3786
0,-0.1183,-0.1091,-0.0863,-0.0578,-0.0373,-0.0263,-0.0127,0.0006,0.0102,0.0183,0.0189,0.0152,-0.0126,-0.035,-0.0267,-0.0191,-0.1445,-0.1374,-0.1272,-0.1133,-0.0981,-0.0837,-0.0695,-0.0555,-0.0424,-0.0302,-0.0204,-0.0133,-0.0131,-0.0175,-0.0194,-0.0193,0.0524,0.0567,0.0819,0.111,0.1217,0.1149,0.1137,0.1122,0.1051,0.0971,0.0787,0.057,0.0011,-0.0351,-0.0147,0.0005,0.6081,1.0541,0.926,1.0027,1.0006,1.3204,5.4562,0.9169,2.2563,0.2723,1.2547,0.1568,-2.9167,0.6061,-11.29,1.1101,0.6789,5.5051,35.161,1.3853,1,0,2.1212,0,0.0027,0.9722,0.9512,0.0005,29.092,0.0002,0.004,0.0001,0.0023,0.0001,0,0,0.0007,-0.0001,0.0021,0,0,0,0.1751,0.468,-0.1302,-0.3414,0.9167,12.195,0,1,0,0.0191,1.5018,-0.0013,0.4582,0.1582,38.851,36.839,42.877,0,6.0381,4.0254
1,-0.8332,-0.8713,-0.9758,-1.3633,-1.8906,-2.2823,-2.3238,-2.25,-2.0071,-1.7858,-1.5978,-1.3708,-1.2411,-1.2052,-1.058,-0.7751,-1.0463,-1.0113,-1.0042,-1.076,-1.239,-1.4476,-1.6228,-1.7483,-1.8,-1.7972,-1.7573,-1.68,-1.5922,-1.5148,-1.4235,-1.2938,0.4263,0.28,0.0568,-0.5745,-1.3034,-1.6693,-1.4018,-1.0035,-0.414,0.0227,0.3191,0.6184,0.7022,0.6192,0.7309,1.0374,0.0345,1.0522,0.9412,1.0108,0.9965,-1.4515,3.8268,-0.2161,1.6577,-0.4483,1.1111,1.2121,-0.1034,4.3939,-0.375,1.3625,0.9625,12.121,10,1.4,1,0,4.8485,0,0.0037,0.85,1,0.0005,31.122,0.0012,0.0012,0,0.003,0.0001,0.0017,0,0.0101,0.0058,0.0101,0.0002,0.0087,0.0002,0.6068,0.7195,0.1173,0.1797,0.1167,1.6667,0,1,0,0.1919,0.9887,-1.0118,111.54,0.389,45.302,51.2,33.504,0,-17.697,-11.798
1,-0.8332,-0.8713,-0.9758,-1.3633,-1.8906,-2.2823,-2.3238,-2.25,-2.0071,-1.7858,-1.5978,-1.3708,-1.2411,-1.2052,-1.058,-0.7751,-1.0463,-1.0113,-1.0042,-1.076,-1.239,-1.4476,-1.6228,-1.7483,-1.8,-1.7972,-1.7573,-1.68,-1.5922,-1.5148,-1.4235,-1.2938,0.4263,0.28,0.0568,-0.5745,-1.3034,-1.6693,-1.4018,-1.0035,-0.414,0.0227,0.3191,0.6184,0.7022,0.6192,0.7309,1.0374,0.6,1.0522,0.9412,1.0166,1.001,-0.4509,1.7966,1.1927,2.9226,0.4275,0.831,0.2031,-0.2045,3.4375,-3.4615,1.3385,0.9308,10.156,50,1.4154,0.8077,-0.463,4.2188,-9.6154,0.0032,0.8681,0.3291,0.0625,50.573,0.0001,-0.0007,0,-0.0013,-0.0001,0.0011,0.0001,0.0046,0.0042,0.0058,0.0002,0.0026,0.0001,1.0826,0.94,-0.0634,-0.0659,0.1167,11.539,1,0.5556,1.7998,0.3165,0.4718,-0.0008,5.0006,0,45.454,51.251,33.858,1.0156,-17.393,-11.595
1,-0.8713,-0.9758,-1.3633,-1.8906,-2.2823,-2.3238,-2.25,-2.0071,-1.7858,-1.5978,-1.3708,-1.2411,-1.2052,-1.058,-0.7751,-0.4656,-1.0113,-1.0042,-1.076,-1.239,-1.4476,-1.6228,-1.7483,-1.8,-1.7972,-1.7573,-1.68,-1.5922,-1.5148,-1.4235,-1.2938,-1.1282,0.28,0.0568,-0.5745,-1.3034,-1.6693,-1.4018,-1.0035,-0.414,0.0227,0.3191,0.6184,0.7022,0.6192,0.7309,1.0374,1.3251,0.6333,1.0522,0.9412,1.0175,0.9999,-0.6873,2.6558,0.6163,1.5924,0.4375,1.0402,0.1587,-0.1969,10.079,-12.5,3.3519,0.537,4.2857,27,2.3148,0.9259,-0.0563,5.6349,-2,0.0009,0.4259,0.0533,0.125,21.007,0.0003,0.0013,0,0.0011,0,0.0014,0,0.0008,0.0003,0.0009,0,0,0,0.7702,0.9854,0.0268,0.0282,0.1208,17.143,2,1,1,0.1366,0.3331,0.0012,0.2493,0.1111,45.727,51.342,34.496,0.0794,-16.846,-11.231
0,-0.9758,-1.3633,-1.8906,-2.2823,-2.3238,-2.25,-2.0071,-1.7858,-1.5978,-1.3708,-1.2411,-1.2052,-1.058,-0.7751,-0.4656,-0.1755,-1.0042,-1.076,-1.239,-1.4476,-1.6228,-1.7483,-1.8,-1.7972,-1.7573,-1.68,-1.5922,-1.5148,-1.4235,-1.2938,-1.1282,-0.9376,0.0568,-0.5745,-1.3034,-1.6693,-1.4018,-1.0035,-0.414,0.0227,0.3191,0.6184,0.7022,0.6192,0.7309,1.0374,1.3251,1.5242,1,1.0522,0.9412,1.0245,1.0006,-0.7775,2.4084,0.34,2.1556,0.5042,1.5621,0.1181,-8.7,0.3937,-29,1.4,-2.48,0.9843,8.3333,1.16,-5.16,-38.5,0.1575,-51.333,0.0017,0.6957,0.8291,0.125,9.7255,0.0009,0.0028,0.0001,0.0019,0.0001,-0.0003,0,0.0012,0.0002,0.004,0,0.0024,0,0.2033,1.4138,0.5871,0.678,0.125,0.8228,2,5.457,0.1833,8.1924,0,1.0245,0,0.1945,46.821,51.707,37.049,5.1181,-14.658,-9.7721
1,-2.25,-2.0071,-1.7858,-1.5978,-1.3708,-1.2411,-1.2052,-1.058,-0.7751,-0.4656,-0.1755,0.013,0.1383,0.1551,0.2127,0.289,-1.7483,-1.8,-1.7972,-1.7573,-1.68,-1.5922,-1.5148,-1.4235,-1.2938,-1.1282,-0.9376,-0.7475,-0.5703,-0.4253,-0.2977,-0.1803,-1.0035,-0.414,0.0227,0.3191,0.6184,0.7022,0.6192,0.7309,1.0374,1.3251,1.5242,1.521,1.4172,1.1607,1.0208,0.9386,0.0278,1.0522,0.9412,1.0149,1.0013,0.4574,1.9332,-2.8075,11.153,0.9287,2.9527,0.3769,-0.9091,0.4231,-1.0204,1.1134,0.8969,3.7308,9.898,1.1546,0.8041,-1.2667,0.5769,-1.9388,0.0017,0.701,0.9706,0.0002,37.735,0.0004,0.002,0.0001,0.0006,0,0.0007,0,0.0048,0.0031,0.0063,0.0001,0.0048,0.0001,0.7014,2.6547,0.8559,0.569,0.1417,7.6471,0,1,0,0.0295,2.0028,-0.0014,0.0738,0.4774,46.061,51.454,35.276,0.7308,-16.177,-10.785
1,-2.0071,-1.7858,-1.5978,-1.3708,-1.2411,-1.2052,-1.058,-0.7751,-0.4656,-0.1755,0.013,0.1383,0.1551,0.2127,0.289,0.4555,-1.8,-1.7972,-1.7573,-1.68,-1.5922,-1.5148,-1.4235,-1.2938,-1.1282,-0.9376,-0.7475,-0.5703,-0.4253,-0.2977,-0.1803,-0.0532,-0.414,0.0227,0.3191,0.6184,0.7022,0.6192,0.7309,1.0374,1.3251,1.5242,1.521,1.4172,1.1607,1.0208,0.9386,1.0173,0.1081,1.0522,0.9412,1.0276,1.0056,-0.6015,1.6508,-1.6203,4.3937,0.5388,2.9288,0.0667,-1.3571,0.3333,-6.7857,1.7,0.05,0.4762,7.1429,5.7,0.75,-0.0532,2.2381,-1.7857,0.011,1,0.9495,0.0313,7.7804,0.0047,0.0093,0.0002,0.0084,0.0002,0.0014,0,0.0089,0.0032,0.0141,0.0001,0.0039,0,0.4557,2.8233,1.4483,0.6802,0.1458,0.7273,1,4.0118,0.0107,0.2128,0.8024,-0.003,0.5709,0.1702,48.036,52.112,39.885,0.119,-12.227,-8.1514
1,-2.0071,-1.7858,-1.5978,-1.3708,-1.2411,-1.2052,-1.058,-0.7751,-0.4656,-0.1755,0.013,0.1383,0.1551,0.2127,0.289,0.4555,-1.8,-1.7972,-1.7573,-1.68,-1.5922,-1.5148,-1.4235,-1.2938,-1.1282,-0.9376,-0.7475,-0.5703,-0.4253,-0.2977,-0.1803,-0.0532,-0.414,0.0227,0.3191,0.6184,0.7022,0.6192,0.7309,1.0374,1.3251,1.5242,1.521,1.4172,1.1607,1.0208,0.9386,1.0173,1,1.0522,0.9412,1.0325,1.001,0.1271,1.9938,-1.6417,4.4127,-1.0417,3.4078,0.0776,-5,0.1724,-11.111,1.069,0.6552,2.5,32.222,1.8621,0.6897,-0.36,2.1552,-10,0.001,0.9655,0.7353,0.25,22.563,0,0.0009,0.0001,0.0022,0.0002,0.0003,0,0.0032,0.0031,0.004,0.0001,0.003,0.0002,0.1609,3.5227,1.4624,1.0406,0.15,6.25,3,1.6688,0.5992,0.9683,1.335,-0.0001,4.797,0,48.355,52.218,40.629,0.6466,-11.589,-7.726
1,-1.7858,-1.5978,-1.3708,-1.2411,-1.2052,-1.058,-0.7751,-0.4656,-0.1755,0.013,0.1383,0.1551,0.2127,0.289,0.4555,0.6462,-1.7972,-1.7573,-1.68,-1.5922,-1.5148,-1.4235,-1.2938,-1.1282,-0.9376,-0.7475,-0.5703,-0.4253,-0.2977,-0.1803,-0.0532,0.0867,0.0227,0.3191,0.6184,0.7022,0.6192,0.7309,1.0374,1.3251,1.5242,1.521,1.4172,1.1607,1.0208,0.9386,1.0173,1.119,0.2632,1.0522,0.9412,1.0339,1.0023,0.1112,1.3431,-2.47,7.9928,0.9564,4.1191,1,-0.2813,15.238,-4.2857,3.7826,0.2174,5.4762,5.4762,2.3043,0.8261,-0.1333,7.1429,-0.9524,0.0023,0,0.8529,0.5,8.9475,0.0007,0.0026,0.0002,0.0036,0.0002,0.0001,0,0.0007,-0.0005,0.0025,0.0001,0.0002,0,0.7519,0.6798,-0.05,-0.0701,0.15,3.5294,0,1,0,0.1431,0.6671,-0.0004,0.1427,0,48.614,52.305,41.232,0.9524,-11.072,-7.3816
0,-1.7858,-1.5978,-1.3708,-1.2411,-1.2052,-1.058,-0.7751,-0.4656,-0.1755,0.013,0.1383,0.1551,0.2127,0.289,0.4555,0.6462,-1.7972,-1.7573,-1.68,-1.5922,-1.5148,-1.4235,-1.2938,-1.1282,-0.9376,-0.7475,-0.5703,-0.4253,-0.2977,-0.1803,-0.0532,0.0867,0.0227,0.3191,0.6184,0.7022,0.6192,0.7309,1.0374,1.3251,1.5242,1.521,1.4172,1.1607,1.0208,0.9386,1.0173,1.119,0.2632,1.0522,0.9412,1.0343,1,-0.4239,1.667,-2.6869,13.982,1.1719,3.6867,0.4545,-0.2813,9.697,-6,2.2549,0.6471,7.7273,17,1.4706,0.7451,-0.5417,3.6364,-4.3333,0.0027,0.76,0.4054,0.0625,19.84,0.0008,0.0013,0,0.0008,0,0.0001,0,0.002,0.0001,0.0029,0,0.0017,0.0001,0.8344,0.2376,-0.6558,-2.1422,0.1542,6.4865,1,1.501,0.3998,0.2374,0.1667,-0.0002,0.1999,0.1297,48.644,52.315,41.303,0.9091,-11.012,-7.3411
1,-1.2052,-1.058,-0.7751,-0.4656,-0.1755,0.013,0.1383,0.1551,0.2127,0.289,0.4555,0.6462,0.7723,0.7841,0.703,0.6945,-1.5148,-1.4235,-1.2938,-1.1282,-0.9376,-0.7475,-0.5703,-0.4253,-0.2977,-0.1803,-0.0532,0.0867,0.2238,0.3359,0.4093,0.4664,0.6192,0.7309,1.0374,1.3251,1.5242,1.521,1.4172,1.1607,1.0208,0.9386,1.0173,1.119,1.0969,0.8964,0.5875,0.4564,0.1667,1.0522,0.9412,1.0166,1.0059,-0.5071,3.3277,-0.4581,8.5613,-0.3571,0.6639,1.6585,-1.5333,1.8293,-1.6912,1.5357,0.1786,3.4146,2.0588,4.7143,0.9286,-0.0192,12.683,-0.1471,0.0048,1,0.3302,0.125,10.893,-0.0025,0.0047,0.0002,-0.0003,0,-0.0001,0,-0.0052,-0.002,-0.0001,0,-0.0048,-0.0001,3.2532,0.8721,-0.7889,-0.4892,0.1667,0.8491,0,1,0,0.1826,0.4928,-0.0013,0.7185,1.3338,46.502,51.601,36.304,0.2439,-15.296,-10.197
1,-1.058,-0.7751,-0.4656,-0.1755,0.013,0.1383,0.1551,0.2127,0.289,0.4555,0.6462,0.7723,0.7841,0.703,0.6945,0.5611,-1.4235,-1.2938,-1.1282,-0.9376,-0.7475,-0.5703,-0.4253,-0.2977,-0.1803,-0.0532,0.0867,0.2238,0.3359,0.4093,0.4664,0.4853,0.7309,1.0374,1.3251,1.5242,1.521,1.4172,1.1607,1.0208,0.9386,1.0173,1.119,1.0969,0.8964,0.5875,0.4564,0.1516,0.2558,1.0522,0.9412,1.0166,1,-0.0908,1.3495,1.7809,8.8668,0.2438,1.4158,5.6667,-8.8571,3.8889,-6.0784,1.0795,0.2955,48.889,8.6275,1.4318,1,0,21.111,0,0.0056,0.8846,1,0.0039,34.234,0.0007,0.0003,0,0.0039,0.0001,0.0006,0,-0.0058,-0.0081,-0.0063,-0.0001,-0.0118,-0.0002,1.3788,0.3614,-0.483,-0.4977,0.175,4.5405,0,1,0,0.4793,1.3518,-1.0364,82.565,0.7166,45.302,51.2,33.504,0,-17.697,-11.798
1,-1.058,-0.7751,-0.4656,-0.1755,0.013,0.1383,0.1551,0.2127,0.289,0.4555,0.6462,0.7723,0.7841,0.703,0.6945,0.5611,-1.4235,-1.2938,-1.1282,-0.9376,-0.7475,-0.5703,-0.4253,-0.2977,-0.1803,-0.0532,0.0867,0.2238,0.3359,0.4093,0.4664,0.4853,0.7309,1.0374,1.3251,1.5242,1.521,1.4172,1.1607,1.0208,0.9386,1.0173,1.119,1.0969,0.8964,0.5875,0.4564,0.1516,0.8636,1.0522,0.9412,1.0165,0.9999,-0.1787,1.3981,1.717,4.3312,0.3779,1.6067,2.7647,-8.8571,2.0588,-6.5957,1.0648,0.4259,31.765,11.489,1.2407,1,0,7.6471,0,0.0055,0.9167,1,0.001,42.014,0.0005,-0.0022,-0.0001,0.005,0.0002,0.0009,0,-0.0053,-0.0078,-0.0064,-0.0001,-0.0063,-0.0001,2.6054,1.0678,-0.8222,-0.436,0.175,6.4615,0,1,0,0.2773,1.3236,-1.0364,90.955,0.5743,45.758,51.352,34.567,0,-16.785,-11.19
0,-0.4656,-0.1755,0.013,0.1383,0.1551,0.2127,0.289,0.4555,0.6462,0.7723,0.7841,0.703,0.6945,0.5611,0.569,0.5696,-1.1282,-0.9376,-0.7475,-0.5703,-0.4253,-0.2977,-0.1803,-0.0532,0.0867,0.2238,0.3359,0.4093,0.4664,0.4853,0.5021,0.5156,1.3251,1.5242,1.521,1.4172,1.1607,1.0208,0.9386,1.0173,1.119,1.0969,0.8964,0.5875,0.4564,0.1516,0.134,0.108,0.1111,1.0522,0.9412,1.0245,1.0003,-0.6681,2.0286,0.8537,1.8352,0.1163,1.4395,0.7424,-1.7333,1.1364,-2.6531,1.1829,0.6829,6.2121,8.3673,1.561,0.9878,-0.0217,3.4848,-0.102,0.0001,0.8049,0.82,0.0078,31.9,0.0004,0.0007,0,0.0012,0,0.0006,0,0.004,0.003,0.0056,0,0.004,0,0.598,1.2956,0.3613,0.4177,0.1833,2.9787,1,0.6667,0.0732,0.0303,5.6751,-0.0016,0.9714,1.5129,46.806,51.702,37.014,0.0758,-14.688,-9.7923
0,-0.4656,-0.1755,0.013,0.1383,0.1551,0.2127,0.289,0.4555,0.6462,0.7723,0.7841,0.703,0.6945,0.5611,0.569,0.5696,-1.1282,-0.9376,-0.7475,-0.5703,-0.4253,-0.2977,-0.1803,-0.0532,0.0867,0.2238,0.3359,0.4093,0.4664,0.4853,0.5021,0.5156,1.3251,1.5242,1.521,1.4172,1.1607,1.0208,0.9386,1.0173,1.119,1.0969,0.8964,0.5875,0.4564,0.1516,0.134,0.108,0.7826,1.0522,0.9412,1.0242,1,0.2587,1.3737,0.9022,1.8956,0.2171,1.2432,1.0571,-0.0154,4.6429,-0.0676,2.8571,0.9714,2.5,2.3649,1.3429,0.6857,-0.9167,0.8571,-0.7432,0.0013,0.8333,0.5217,0.5,13.616,0.0001,-0.0002,0,0,0,0.0002,0,0.0011,0.001,-0.0002,0,-0.0015,0,0.9865,0.9333,-0.0265,-0.0276,0.1833,7.5,1,0.6363,1.2224,0.2333,0.4544,0.0002,0.1471,1.2024,46.76,51.687,36.907,0.7857,-14.78,-9.8531
1,0.4555,0.6462,0.7723,0.7841,0.703,0.6945,0.5611,0.569,0.5696,0.5762,0.5614,0.4803,0.4751,0.4856,0.5082,0.5632,-0.0532,0.0867,0.2238,0.3359,0.4093,0.4664,0.4853,0.5021,0.5156,0.5277,0.5344,0.5236,0.5139,0.5082,0.5082,0.5192,1.0173,1.119,1.0969,0.8964,0.5875,0.4564,0.1516,0.134,0.108,0.0971,0.0539,-0.0866,-0.0776,-0.0453,-0.0001,0.0879,0.0392,1.0522,0.9412,1.0249,0.9997,1.0408,6.1976,-1.3034,2.9231,-0.3582,2.2862,1.1186,-0.0968,2.6271,-0.2273,1.4133,0.96,6.3559,5.6818,1.5067,0.8667,-0.2632,3.2203,-0.7576,0.0005,0.9733,0.9583,0.0156,29.177,0.0001,0.0031,0.0001,0.0002,0,0.0007,0,0.0005,0.0001,0.0006,0,0.0002,0,1.0184,0.9674,-0.0253,-0.0254,0.2042,12.667,1,18.507,0.054,0.5288,14.005,-0.0004,0.5691,1.1914,48.264,52.188,40.417,0.8475,-11.771,-7.8476
1,0.7723,0.7841,0.703,0.6945,0.5611,0.569,0.5696,0.5762,0.5614,0.4803,0.4751,0.4856,0.5082,0.5632,0.5727,0.6128,0.2238,0.3359,0.4093,0.4664,0.4853,0.5021,0.5156,0.5277,0.5344,0.5236,0.5139,0.5082,0.5082,0.5192,0.5299,0.5465,1.0969,0.8964,0.5875,0.4564,0.1516,0.134,0.108,0.0971,0.0539,-0.0866,-0.0776,-0.0453,-0.0001,0.0879,0.0856,0.1326,0.5818,1.0522,0.9412,1.0323,1.0002,0.2827,1.5888,-1.7523,5.7542,-0.2731,1.4076,0.9286,-3.8125,2.2857,-9.3846,1.1524,0.419,15,16.154,1.3048,0.9714,-0.0938,4.5714,-0.4615,0.0014,1,0.8857,0.0625,40.847,-0.0001,-0.0004,0,-0.0006,0,-0.0006,0,0.0002,0.0005,0,0,-0.0014,0,0.8439,1.2062,0.1776,0.1777,0.2208,25.714,2,7.7559,0.1289,0.2952,7.5056,0,2.4981,0.3334,47.581,51.96,38.822,0.2857,-13.139,-8.7591
0,-0.0776,-0.0444,-0.0148,0.0055,0.0205,0.0176,-0.0143,-0.0552,-0.0841,-0.1082,-0.1682,-0.226,-0.2296,-0.2115,-0.1686,-0.1187,-0.0001,-0.009,-0.0101,-0.007,-0.0015,0.0023,-0.001,-0.0118,-0.0263,-0.0427,-0.0678,-0.0994,-0.1255,-0.1427,-0.1479,-0.142,-0.155,-0.0709,-0.0092,0.025,0.044,0.0306,-0.0266,-0.0866,-0.1156,-0.1311,-0.2008,-0.2531,-0.2083,-0.1377,-0.0414,0.0467,0.3483,1.0522,0.9412,1.0195,1.0001,-0.2825,1.2271,1.0662,4.3115,-0.5327,1.538,2.0667,-0.75,0.6667,-0.2419,1.1143,0.9143,5.8333,2.8226,1.6857,0.8286,-0.25,4,-0.4839,0.0001,0.7714,0.9333,0.0625,13.616,0.0001,0.001,0.0001,0.0009,0.0001,0.0001,0,0.0022,0.002,0.0027,0,0.0026,0,0.6398,0.3662,-0.0942,-0.183,0.3625,1.8667,1,14.001,0.0714,1.6471,6.5005,-0.0001,0.2594,1.2157,46.863,50.224,40.14,0.8333,-10.084,-6.7223
1,-0.226,-0.2296,-0.2115,-0.1686,-0.1187,-0.1133,-0.1158,-0.1244,-0.1178,-0.0865,-0.0498,-0.0237,-0.0046,0.012,0.0281,0.0484,-0.0994,-0.1255,-0.1427,-0.1479,-0.142,-0.1363,-0.1322,-0.1306,-0.128,-0.1197,-0.1058,-0.0893,-0.0724,-0.0555,-0.0388,-0.0214,-0.2531,-0.2083,-0.1377,-0.0414,0.0467,0.0459,0.0328,0.0125,0.0206,0.0665,0.1119,0.1312,0.1356,0.1351,0.1338,0.1394,0.0693,1.0522,0.9412,1.0218,1,0.0094,1.8459,-0.9095,2.0466,0.065,2.2546,0.5785,-5,0.2479,-2.1429,1.1935,0.0323,1.281,2.2143,1.5806,0.3548,-1.1111,0.7438,-1.4286,0.0012,1,0.4737,0.125,6.0298,0.0003,0.0018,0,0.0007,0,0.0007,0,0.0007,0.0002,0.0016,0,0.0007,0,1.9478,1.6144,0.1071,0.0622,0.4167,2.1053,0,1,0,0.1938,0.7004,-0.0006,0.3324,2.0424,46.954,50.254,40.353,0.8264,-9.9012,-6.6008
1,-0.2296,-0.2115,-0.1686,-0.1187,-0.1133,-0.1158,-0.1244,-0.1178,-0.0865,-0.0498,-0.0237,-0.0046,0.012,0.0281,0.0484,0.086,-0.1255,-0.1427,-0.1479,-0.142,-0.1363,-0.1322,-0.1306,-0.128,-0.1197,-0.1058,-0.0893,-0.0724,-0.0555,-0.0388,-0.0214,0.0001,-0.2083,-0.1377,-0.0414,0.0467,0.0459,0.0328,0.0125,0.0206,0.0665,0.1119,0.1312,0.1356,0.1351,0.1338,0.1394,0.1718,0.0693,1.0522,0.9412,1.0218,0.9991,0.1127,1.5832,-2.2404,7.7918,0.3739,2.1609,0.7379,-5,0.2913,-1.9737,1.1714,0.1429,1.699,2.3026,1.5143,0.4286,-1.1111,0.8738,-1.3158,0.0012,1,0.4737,0.0625,6.8079,0.0003,0.002,0,0.0004,0,0.0006,0,0.0008,0.0002,0.0016,0,0.001,0,1.813,1.4513,-0.0191,-0.0121,0.4167,2.1053,0,1,0,0.286,0.9005,-0.0006,0.4273,1.6339,47.486,50.432,41.594,0.9709,-8.8377,-5.8918
1,-0.0237,-0.0046,0.012,0.0281,0.0484,0.086,0.1241,0.1741,0.2057,0.2113,0.1758,0.1564,0.1601,0.1612,0.13,0.1574,-0.0893,-0.0724,-0.0555,-0.0388,-0.0214,0.0001,0.0249,0.0547,0.0849,0.1102,0.1233,0.1299,0.136,0.141,0.1388,0.1425,0.1312,0.1356,0.1351,0.1338,0.1394,0.1718,0.1984,0.2387,0.2415,0.2022,0.105,0.0529,0.0483,0.0404,-0.0177,0.0297,0.0901,1.0522,0.9412,1.0245,0.9998,-1.2921,4.4217,-2.2775,6.8453,-0.272,3.4269,0.1705,-2.75,0.155,-2.5,1.16,0.56,0.969,5.6818,1.92,0.88,-0.1304,0.8915,-0.6818,0.0006,1,0.8462,0.0625,9.7255,-0.0001,0.0011,0,0.003,0,0.0015,0,0.0003,0.0006,0.0006,0,-0.0005,0,1.8353,6.1611,2.975,0.649,0.4583,2.4231,0,1,0,0.08,2.0014,-0.0007,0.1997,0.9726,48.367,50.725,43.65,0.1163,-7.0754,-4.7169
1,-0.0237,-0.0046,0.012,0.0281,0.0484,0.086,0.1241,0.1741,0.2057,0.2113,0.1758,0.1564,0.1601,0.1612,0.13,0.1574,-0.0893,-0.0724,-0.0555,-0.0388,-0.0214,0.0001,0.0249,0.0547,0.0849,0.1102,0.1233,0.1299,0.136,0.141,0.1388,0.1425,0.1312,0.1356,0.1351,0.1338,0.1394,0.1718,0.1984,0.2387,0.2415,0.2022,0.105,0.0529,0.0483,0.0404,-0.0177,0.0297,0.9292,1.0522,0.9412,1.0291,1.0011,-1.7865,5.2419,-1.8066,5.0619,-0.5257,2.5903,0.1623,-0.0476,0.7746,-0.2273,1.2939,0.986,2.6356,16.239,1.4059,1,0,1.0697,0,0.0024,0.8448,0.8214,0.0625,27.796,0.0003,0.0025,0.0001,0.0016,0.0001,0.0011,0,0.0031,0.0019,0.0047,0.0001,0.0037,0,1.0025,1.4669,0.3766,0.2734,0.4625,10.857,0,1,0,0.0736,0.8002,-0.0002,0.3328,0.3334,48.519,50.776,44.004,0,-6.7715,-4.5143
0,-0.0046,0.012,0.0281,0.0484,0.086,0.1241,0.1741,0.2057,0.2113,0.1758,0.1564,0.1601,0.1612,0.13,0.1574,0.2226,-0.0724,-0.0555,-0.0388,-0.0214,0.0001,0.0249,0.0547,0.0849,0.1102,0.1233,0.1299,0.136,0.141,0.1388,0.1425,0.1586,0.1356,0.1351,0.1338,0.1394,0.1718,0.1984,0.2387,0.2415,0.2022,0.105,0.0529,0.0483,0.0404,-0.0177,0.0297,0.1281,0.5752,1.0522,0.9412,1.0307,1.0024,2.0503,17.875,-1.8039,5.4596,-0.2822,1.4063,0.1392,-0.0476,1.3291,-0.4545,1.2322,0.9889,5.7247,41.114,1.2543,1,0,1.4557,0,0.0039,0.8673,0.7826,0.0078,35.187,0.0004,0.0016,0.0001,0.0012,0.0001,0.0007,0,0.0043,0.0021,0.0062,0.0001,0.0043,0,0.5508,0.5361,-0.3548,-0.6596,0.4625,14.87,0,1,0,0.1278,3.6051,-0.0017,4.4914,0.0915,48.823,50.877,44.713,0,-6.1638,-4.1092
1,-0.0046,0.012,0.0281,0.0484,0.086,0.1241,0.1741,0.2057,0.2113,0.1758,0.1564,0.1601,0.1612,0.13,0.1574,0.2226,-0.0724,-0.0555,-0.0388,-0.0214,0.0001,0.0249,0.0547,0.0849,0.1102,0.1233,0.1299,0.136,0.141,0.1388,0.1425,0.1586,0.1356,0.1351,0.1338,0.1394,0.1718,0.1984,0.2387,0.2415,0.2022,0.105,0.0529,0.0483,0.0404,-0.0177,0.0297,0.1281,0.5752,1.0522,0.9412,1.0321,1.0001,4.5955,26.514,-1.3358,3.7267,-0.3963,1.1674,0.712,-0.0476,0.84,-0.0562,1.1954,0.9907,4.298,6.0365,1.0838,0.9907,-0.1111,0.36,-0.0562,0.0053,0.8357,0.9,0.001,41.8,0.0003,0.001,0,0.0002,0,0.0008,0,0.0055,0.0024,0.0076,0.0001,0.0061,0.0001,5.5676,0.9089,-0.5588,-0.4004,0.4667,19,0,1,0,0.0232,2.0009,-0.0006,0.0282,2.762,48.853,50.887,44.784,0.04,-6.103,-4.0687
